premise,hypothesis,label,sample_index,lila_label,lila_script
in 1956 accardo won the geneva competition and in 1958 became the first prize winner of the paganini competition in genoa . he has recorded paganini 's famous 24 caprices ( re-recorded in 1999 ) for solo violin and was the first to record all six of the paganini violin concertos .,accardo composed 24 caprices .,neutral,0,neutral,"caprices_s1 = 24
caprices_s2 = None

if caprices_s1 is None or caprices_s2 is None:
   print('neutral')

elif caprices_s1 == caprices_s2:
   print('Entailment')"
"david golinkin is the editor or author of eighteen books , and over 150 responsa , articles , sermons and books .",golinkin has written eighteen books .,neutral,1,neutral,"david_golinin_s1=150
golinkin_written_s2=None
if david_golinin_s1 is None or golinkin_written_s2 is None:
   print('neutral')
elif david_golinin_s1 == golinkin_written_s2:
   print('Entailment')
elif david_golinin_s1 != golinkin_written_s2:
   print('contradiction')
"
"during reinsdorf 's 24 seasons as chairman of the white sox , the team has captured american league division championships three times , including an al central title in 2000 .",the white sox have won 24 championships .,neutral,4,neutral,"american_leauge_won_in_s1 = 3
american_leauge_won_in_s2 = None

if american_leauge_won_in_s1 is None or american_leauge_won_in_s2 is None:
    print(""neutral"")
elif american_leauge_won_in_s1 == american_leauge_won_in_s2:
    print(""Entailment"")
elif american_leauge_won_in_s1 != american_leauge_won_in_s2:
    print(""contradiction"")"
"the first windows challenge was held in 2004 , consisting of less than 30 teams within the united states . in 2005 , it was opened to the rest of the world . 278 teams from all over the world participated .",278 teams from all over the world participated in the first windows challenge .,neutral,7,neutral,"windows_challenge_s1 = 2004
windows_challenge_s2 = None
 
if windows_challenge_s1 is None or windows_challenge_s2 is None:
 print('neutral')

elif windows_challenge_s1 == windows_challenge_s2:
 print('Entailment')

elif windows_challenge_s1 != windows_challenge_s2:
 print('contradiction')"
"human rights groups say police detained some 2,500 people after the attack on the hilton hotel in taba and mistreated many of them .","some 2,500 people have been arrested after the attack on the hilton hotel in taba .",entailment,8,Entailment,"attackers_arrested_s1 = 2500
attackers_arrested_s2 = 2500

if attackers_arrested_s1 is None or attackers_arrested_s2 is None:
   print('neutral')

elif attackers_arrested_s1 == attackers_arrested_s2:
   print('Entailment')

elif attackers_arrested_s1 != attackers_arrested_s2:
  print('contradiction')"
rival generic drug maker mylan laboratories inc. reported revenue of $ 1.3 billion for fiscal 2005 .,mylan laboratories inc. earned $ 1.3 billion in fiscal year 2005 .,entailment,9,Entailment,"revenue_billions_s1 = 1.3
revenue_billions_s2 = 1.3
 
if revenue_billions_s1 is None or revenue_billions_s2 is None:
 print('neutral')

elif revenue_billions_s1 == revenue_billions_s2:
 print('Entailment')

elif revenue_billions_s1 != revenue_billions_s2:
 print('contradiction')"
"after the deal closes , teva will generate sales of about $ 7 billion a year , the company said .",teva earns $ 7 billion a year .,neutral,10,neutral,"genrated_sales_s1 = 0
genrated_sales_s2 = 52

genrated_sales_s1 = None
genrated_sales_s2 = None

if genrated_sales_s1 is None or genrated_sales_s2 is None:
   print(""Neutral"")
elif genrated_sales_s1  < genrated_sales_s2 :
  print(""Entailment"")
elif genrated_sales_s1 != genrated_sales_s2 :
  print(""Contradiction"")"
"india 's yearly pilgrimage to the ganges river , worshiped by hindus as the goddess ganga , is the worlds largest gathering of people , with around 70 million participants , dwarfing other religious pilgrimages .",around 70 million people participate in pilgrimage to the ganges river .,entailment,12,Entailment,"Poeple_in_goddess_ganga_s1=70
Pilgarimage_to_ganga_river_s2=70
if Poeple_in_goddess_ganga_s1 is None or Pilgarimage_to_ganga_river_s2 is None:
   print('neutral')
elif Poeple_in_goddess_ganga_s1 == Pilgarimage_to_ganga_river_s2:
   print('Entailment')
elif Poeple_in_goddess_ganga_s1 != Pilgarimage_to_ganga_river_s2:
   print('contradiction')
"
"the same storm has caused more than 125,000 people to lose power near st. louis , missouri and power officials say that they are `` still losing people , '' said springfield 's city utilities spokesman , ern decamp .","125,000 were killed by a storm .",neutral,14,neutral,"killed_by_storm_s1 = 0
killed_by_storm_s1 > 125000
killed_by_storm_s2 = 125000

killed_by_storm_s1 = None
killed_by_storm_s2 = None

if killed_by_storm_s1 is None or killed_by_storm_s2 is None:
   print(""Neutral"")
elif killed_by_storm_s1 < killed_by_storm_s2:
  print(""Entailment"")
elif killed_by_storm_s1 != killed_by_storm_s2:
  print(""Contradiction"")"
there are no reports so far as to whether any relatives have claimed the bodies of the four military men who were reportedly killed when the plane crashed .,four military men died in a plane crash .,entailment,16,Entailment,"military_man_dead_in_s1 = 4
military_man_dead_in_s2 = 4

if military_man_dead_in_s1 is None or military_man_dead_in_s2 is None:
    print(""neutral"")
elif (military_man_dead_in_s1 == military_man_dead_in_s2):
    print(""Entailment"")
elif military_man_dead_in_s1 != military_man_dead_in_s2:
    print(""contradiction"")"
"the referendum would be held at the same time as the vote to elect romania 's 35 representatives to the european parliament , as romania will join the european union in 2007 .",12 members of the european union use the euro instead of their own national currencies .,neutral,17,neutral,"members_in_eu_union_in_s1 = None
members_in_eu_union_in_s2 = 12


if members_in_eu_union_in_s1 is None or members_in_eu_union_in_s2 is None:
    print(""neutral"")
elif members_in_eu_union_in_s1 == members_in_eu_union_in_s2:
    print(""Entailment"")
elif members_in_eu_union_in_s1 != members_in_eu_union_in_s2:
    print(""contradiction"")"
"pakistan , which fought two of its three wars with india over kashmir , denies indian charges that it is arming separatists in the valley .",india and pakistan have fought three wars for the possession of kashmir .,neutral,20,neutral,"fought_war_s1 = None
fought_war_s2 = 3

if fought_war_s1 is None or fought_war_s2 is None:
   print('neutral')

elif fought_war_s1 == fought_war_s2:
   print('Entailment')

elif fought_war_s1 != fought_war_s2:
  print('contradiction')"
"the 8,568-meter mt . kanchenjunga , the third highest in the world , is located in the border area of nepal , india and china .",kanchenjunga is 8586 meters high .,neutral,21,neutral,"height_of_third_highest_peak_s1 = 8568
height_of_third_highest_peak_s2 = 8568

height_of_third_highest_peak_s1 = None
height_of_third_highest_peak_s2 = None

if height_of_third_highest_peak_s1 is None or height_of_third_highest_peak_s2 is None:
   print(""Neutral"")
elif height_of_third_highest_peak_s1 == height_of_third_highest_peak_s2 :
  print(""Entailment"")
elif height_of_third_highest_peak_s1 != height_of_third_highest_peak_s2 :
  print(""Contradiction"")"
"two members of the 2000 kanchenjunga expedition of south korea successfully scaled the 8,586m high mt . kanchenjunga via the south west face friday , according to the nepali tourism ministry .",kanchenjunga is 8586 meters high .,entailment,22,Entailment,"kanchen_ganga_s1=8586
kanchen_ganga_s2=8586
if kanchen_ganga_s1 is None or kanchen_ganga_s2 is None:
   print('neutral')
elif kanchen_ganga_s1 == kanchen_ganga_s2:
   print('Entailment')
elif kanchen_ganga_s1 != kanchen_ganga_s2:
   print('contradiction')
"
"the peak is 8,586 meters high .",kanchenjunga is 8586 meters high .,neutral,23,neutral,"peak_is_high_s1=None 
kanchenjunga_is_high_S2=8586

if peak_is_high_s1 is None or kanchenjunga_is_high_S2 is None:
   print('neutral')

elif peak_is_high_s1 == kanchenjunga_is_high_S2:
   print('Entailment')

elif peak_is_high_s1 != kanchenjunga_is_high_S2:
  print('contradiction')


"
"nearly seven meters in height , cassini will be carrying 12 separate packages of scientific instruments , as well as a probe , carrying six more bundles of sensors , which is to be dropped on to titan , saturn 's largest moon .",the moon titan has a diameter of 5100 kilometers .,neutral,24,neutral,"package_carrying_in_s1 = 12 
package_carrying_in_s2 = None
moon_dia_in_s1 = None
moon_dia_in_s2 = 5100

if package_carrying_in_s1 is None or package_carrying_in_s2 is None or moon_dia_in_s1 is None or moon_dia_in_s2 is None:
    print(""neutral"")
elif package_carrying_in_s1 == package_carrying_in_s2 and moon_dia_in_s1 == moon_dia_in_s2:
    print(""Entailment"")
elif package_carrying_in_s1 != package_carrying_in_s2 or moon_dia_in_s1 != moon_dia_in_s2:
    print(""contradiction"")"
the diameter of the moon cake is 2.1 meters .,"the terrestrial moon has a diameter of 3,746 kilometers .",neutral,25,neutral,"dia_of_moon_in_meters_in_s1 = 2.1
dia_of_moon_in_meters_in_s2 = None


if dia_of_moon_in_meters_in_s1 is None or dia_of_moon_in_meters_in_s2 is None:
    print(""neutral"")
elif dia_of_moon_in_meters_in_s1 == dia_of_moon_in_meters_in_s1:
    print(""Entailment"")
elif dia_of_moon_in_meters_in_s1 != dia_of_moon_in_meters_in_s1:
    print(""contradiction"")"
"with a diameter of 1,430 miles , pluto is less than half the size of any other planet and only two-thirds as big as earth 's moon .","the terrestrial moon has a diameter of 3,746 kilometers .",neutral,26,neutral,"dia_of_terrestial_in_s1 = None
dia_of_terrestial_in_s2 = 3746

if dia_of_terrestial_in_s1 is None or dia_of_terrestial_in_s2 is None:
    print(""neutral"")
elif dia_of_terrestial_in_s1 == dia_of_terrestial_in_s2:
    print(""Entailment"")
elif dia_of_terrestial_in_s1 != dia_of_terrestial_in_s2:
    print(""contradiction"")"
"with a diameter of 5,230 kilometers , ganymede is the largest satellite in the solar system - bigger than mercury and about three-fourths the size of mars .","the terrestrial moon has a diameter of 3,746 kilometers .",neutral,27,neutral,"diameter_in_km_s1 = None
diameter_in_km_s2 = 3746

if diameter_in_km_s1 is None or diameter_in_km_s2 is None:
   print('neutral')

elif diameter_in_km_s1 == diameter_in_km_s2:
   print('Entailment')

elif diameter_in_km_s1 != diameter_in_km_s2:
  print('contradiction')"
there were 12 original members of nato at the time of its founding .,the nato has 16 members .,neutral,28,neutral,"Original_members_s1=12
Original_members_s1=None
Original_members_s2=16
if Original_members_s1 is None or Original_members_s2 is None:
   print('neutral')
elif Original_members_s1 == Original_members_s2:
   print('Entailment')
elif Original_members_s1 != Original_members_s2:
   print('contradiction')
"
the 16 nato members and the 14 countries which used to form the rival warsaw pact agreed that there would be significantly less equipment permitted in the area of application in europe than there was under the original treaty .,the nato has 16 members .,entailment,29,Entailment,"nato_members_s1 = 16
nato_members_s2 = 16

if nato_members_s1 is None or nato_members_s2 is None:
   print('neutral')

elif nato_members_s1 == nato_members_s2:
   print('Entailment')

elif nato_members_s1 != nato_members_s2:
  print('contradiction')
"
"alluding to greece 's proposal , and other differences within the alliance , albright said `` there are a variety of ideas '' among the diverse 19 nato member nations .",the nato has 16 members .,neutral,30,neutral,"NATO_Members_s1=19
NATO_Members_s1=None
NATO_Members_s2=16
if NATO_Members_s1 is None or NATO_Members_s2 is None:
   print('neutral')
elif NATO_Members_s1 == NATO_Members_s2:
   print('Entailment')
elif NATO_Members_s1 != NATO_Members_s2:
   print('contradiction')"
the world 's population is set to reach a staggering 10bn by the middle of 21st century up from 5.7bn now .,the world population will probably reach over 10 billion in 2050 .,entailment,32,Entailment,"world_population_billion_s1 = 10
world_population_billion_s2 = 10
 
if world_population_billion_s1 is None or world_population_billion_s2 is None:
 print('neutral')

elif world_population_billion_s1 == world_population_billion_s2:
 print('Entailment')

elif world_population_billion_s1 != world_population_billion_s2:
 print('contradiction')"
"an estimated 100,000 ethnic slovaks , most of them living in the czech republic , have applied to relinquish their citizenship since czechoslovakia broke into separate states .","100,000 slovaks have applied to change citizenship .",entailment,36,Entailment,"Ethnic_Slovks_s1=100000
Ethnic_Slovks_s2=100000
if Ethnic_Slovks_s1 is None or Ethnic_Slovks_s2 is None:
    print(""neutral"")
elif Ethnic_Slovks_s1 == Ethnic_Slovks_s2:
    print(""Entailment"")
elif Ethnic_Slovks_s1 != Ethnic_Slovks_s2:
    print(""contradiction"")
"
"indonesia 's tin industry is expected to return to profit in 1992 with the dominant state-owned tin mine , tambang timah , having cut production costs by 25 per cent since 1990 .",indonesia cut tin production costs by 25 % .,neutral,37,neutral,"tin_production_costs_s1 = None
tin_production_costs_s2 = 25

if tin_production_costs_s1 is None or tin_production_costs_s2 is None:
   print('neutral')

elif tin_production_costs_s1 == tin_production_costs_s2:
   print('Entailment')

elif tin_production_costs_s1 != tin_production_costs_s2:
  print('contradiction')"
"the world court , or international court of justice ( icj ) , located in the hague , is made up of fifteen permanent judges plus two judges nominated by the parties involved in the dispute under consideration .",two judges of the icj are nominated by the parties involved .,entailment,40,Entailment,"judges_nominated_s1 = 2
judges_nominated_s2 = 2

if judges_nominated_s1 is None or judges_nominated_s2 is None:
   print('neutral')

elif judges_nominated_s1 == judges_nominated_s2:
   print('Entailment')

elif judges_nominated_s1 != judges_nominated_s2:
  print('contradiction')"
experts estimate that only 5 % to 10 % of stolen artworks ever finds its way back to the owners .,only 5 % to 10 % of stolen art ever gets returned to the owners .,entailment,41,Entailment,"experts_estimate_s1 = 5-10
experts_estimate_s2 = 5-10

if experts_estimate_s1 is None or experts_estimate_s2 is None:
    print(""Neutral"")
elif experts_estimate_s1 == experts_estimate_s2:
    print(""Entailment"")
elif experts_estimate_s1 != experts_estimate_s2:
    print(""Contradiction"")"
"a former executive of digital equipment corp. and two others pleaded guilty tuesday to siphoning nearly $ 300,000 from the computer company .","a former executive of digital equipment corp. siphoned nearly $ 300,000 from the company .",entailment,44,Entailment,"money_siphoned_in_s1 = 300000
money_siphoned_in_s2 = 300000

if money_siphoned_in_s1 is None or money_siphoned_in_s2 is None:
    print(""neutral"")
elif (money_siphoned_in_s1 == money_siphoned_in_s2) :
    print(""Entailment"")
elif money_siphoned_in_s1 != money_siphoned_in_s2:
    print(""contradiction"")"
"leona helmsley , the self-proclaimed queen of a luxury hotel chain , was sentenced tuesday to four years in federal prison .",leona helmsley was given a four year sentence .,entailment,45,Entailment,"Queen_of_a_luxury_hotel_chain__federal_prison_s1=4
Leona_helmsley_was_given_sentence_s2=4
if Queen_of_a_luxury_hotel_chain__federal_prison_s1 is None or Leona_helmsley_was_given_sentence_s2 is None:
    print(""neutral"")
elif Queen_of_a_luxury_hotel_chain__federal_prison_s1 == Leona_helmsley_was_given_sentence_s2:
    print(""Entailment"")
elif Queen_of_a_luxury_hotel_chain__federal_prison_s1 != Leona_helmsley_was_given_sentence_s2:
    print(""contradiction"")

"
"a specialist firm on the new york stock exchange was fined $ 480,350 for securities fraud by a judge who said he imposed the sentence as a deterrent .",one judge said that the nearly half million dollar fine he levied on a specialist firm on the new york stock exchange was done as a deterrent .,entailment,48,Entailment,"New_york_stock_exchange_s1=480350
New_york_stock_exchange_s2=480350
if New_york_stock_exchange_s1 is None or New_york_stock_exchange_s2 is None:
   print('neutral')
elif New_york_stock_exchange_s1 == New_york_stock_exchange_s2:
   print('Entailment')
elif New_york_stock_exchange_s1 != New_york_stock_exchange_s2:
   print('contradiction')




"
"defense secretary robert gates earlier this month recommended that the army 's troop strength be increased by 65,000 soldiers , to a total of 547,000 worldwide and the marines be increased by 27,000 to 202,000 .","the defense secretary suggested that the army 's troop should be increased to 547,000 soldiers .",entailment,50,Entailment,"increased_troop_strength_s1 = 547000
increased_troop_strength_s2 = 547000

if increased_troop_strength_s1 is None or increased_troop_strength_s2 is None:
   print('neutral')

elif increased_troop_strength_s1 == increased_troop_strength_s2:
   print('Entailment')

elif increased_troop_strength_s1 != increased_troop_strength_s2:
  print('contradiction')"
"more than 1,000 members of the russian and foreign media registered for the news conference , which has become an annual event .","more than 1,000 members from russia registered for the news conference .",neutral,51,neutral,"Registered_form_news_confernace_s1=1000
Registered_form_news_confernace_s1=None
Registered_form_news_confernace_s2=1000
if Registered_form_news_confernace_s1 is None or Registered_form_news_confernace_s2 is None:
   print('neutral')
elif Registered_form_news_confernace_s1 == Registered_form_news_confernace_s2:
   print('Entailment')
elif Registered_form_news_confernace_s1 != Registered_form_news_confernace_s2:
   print('contradiction')
"
"there were no immediate reports of injuries , and authorities said they found no signs of fires at any other church in greenville , which is about 75 miles east of raleigh .",greenville is located about 75 miles east of raleigh .,entailment,53,Entailment,"Church_in_greenville_s1=75
Church_in_greenville_s2=75
if Church_in_greenville_s1 is None or Church_in_greenville_s2 is None:
   print('neutral')
elif Church_in_greenville_s1 == Church_in_greenville_s2:
   print('Entailment')
elif Church_in_greenville_s1 != Church_in_greenville_s2:
   print('contradiction')
"
"last year the us saw exports of goods and services rise 12.8 % to $ 1.44 trillion , while its imports gained 10.5 % to $ 2.2 trillion , said the commerce department .",us exports rose 10.5 % .,neutral,54,neutral,"Goods_and_service_rise_s1=2.2
Goods_and_service_rise_s1=None
Goods_and_service_rise_s2=10.5

if Goods_and_service_rise_s1 is None or Goods_and_service_rise_s2 is None:
   print('neutral')
elif Goods_and_service_rise_s1 == Goods_and_service_rise_s2:
   print('Entailment')
elif Goods_and_service_rise_s1 != Goods_and_service_rise_s2:

  print('contradiction')



"
two persons were injured in dynamite attacks perpetrated this evening against two bank branches in this northwestern colombian city .,two persons perpetrated dynamite attacks in a northwestern colombian city .,neutral,56,neutral,"persons_injured_s1 = None
persons_injured_s2 = 2

if persons_injured_s1 is None or persons_injured_s2 is None:
   print('neutral')

elif persons_injured_s1 == persons_injured_s2:
   print('Entailment')

elif persons_injured_s1 != persons_injured_s2:
  print('contradiction')"
"the technical investigation commission has determined that some military were reportedly involved in the assassination of the six jesuits and their two maids , which took place at daybreak on the 16th of november , as reported by president alfredo cristiani on the 7th of january .",the assassination of the six jesuits and their two maids took place on the 7th of january .,neutral,58,neutral,"daybreak_s1 = 16
daybreak_s2 = None
 
if daybreak_s1 is None or daybreak_s2 is None:
 print('neutral')

elif daybreak_s1 > daybreak_s2:
 print('Entailment')

elif daybreak_s1 != daybreak_s2:
 print('contradiction')"
"some 420 people have been hanged in singapore since 1991 , mostly for drug trafficking , an amnesty international 2004 report said . that gives the country of 4.4 million people the highest execution rate in the world relative to population .",4.4 million people live in singapore .,entailment,59,Entailment,"singapore_population_million_s1 = 4.4
singapore_population_million_s2 = 4.4
 
if singapore_population_million_s1 is None or singapore_population_million_s2 is None:
 print('neutral')

elif singapore_population_million_s1 == singapore_population_million_s2:
 print('Entailment')

elif singapore_population_million_s1 != singapore_population_million_s2:
 print('contradiction')"
"specifically , the october 4 , 1994 earthquake ( as the october 12 , 1963 earthquake ) ocurred at the pacific side boundary of the kuril arc ( the south kuril islands ) of the okhotsk plate .",an earthquake occurred in 1994 .,entailment,60,Entailment,"earthquake_year_s1 = 1994
earthquake_year_s2 = 1994
 
if earthquake_year_s1 is None or earthquake_year_s2 is None:
 print('neutral')

elif earthquake_year_s1 == earthquake_year_s2:
 print('Entailment')

elif earthquake_year_s1 != earthquake_year_s2:
 print('contradiction')"
"this is good news for gaelic translators , as the eu will have to churn out official documents in this language , in addition to the 20 other official eu languages .",there are 21 official eu languages .,entailment,61,Entailment,"eu_lan_in_s1 = 20
eu_lan_in_s2 = 0
eu_lan_in_s2 < 21


if eu_lan_in_s1 is None or eu_lan_in_s2 is None:
    print(""neutral"")
elif eu_lan_in_s1 == eu_lan_in_s2 or eu_lan_in_s2 < 21:
    print(""Entailment"")
elif eu_lan_in_s1 != eu_lan_in_s2:
    print(""contradiction"")
"
cern has now grown to include 20 member states and enjoys the active participation of many other countries world-wide .,cern has 20 member states .,entailment,63,Entailment,"member_states_s1 = 20
member_states_s2 = 20

if member_states_s1 is None or member_states_s2 is None:
   print('neutral')

elif member_states_s1 == member_states_s2:
   print('Entailment')

elif member_states_s1 != member_states_s2:
  print('contradiction')"
"in rwanda there were on average 8,000 victims per day for about 100 days .","there were 800,000 victims of the massacres in rwanda .",entailment,64,Entailment,"Rwanda_victims_s1=8000
Rwanda_victims_s2=800000
if Rwanda_victims_s1 is None or Rwanda_victims_s2 is None:
   print('neutral')
elif Rwanda_victims_s1 == Rwanda_victims_s2:
   print('Entailment')
elif Rwanda_victims_s1 != Rwanda_victims_s2:
   print('contradiction')"
"this ( revised ) convention shall enter into force six months after the date on which four states , including at least three member states of the council of europe , have expressed their consent to be bound by the ( revised ) convention in accordance with the provisions of the preceding paragraphs .",the council of europe is made up by 3 member states .,neutral,67,neutral,"force_months_in_s1 = 6
force_months_in_s2 = None

if force_months_in_s1 is None or force_months_in_s2 is None:
    print(""neutral"")
elif force_months_in_s1 == force_months_in_s2:
    print(""Entailment"")
elif force_months_in_s1 != force_months_in_s2:
    print(""contradiction"")"
the first barbie doll was sold for $ 3 .,the first barbie cost 3 dollars .,entailment,68,Entailment,"barbie_prize_s1 = 3
barbie_prize_s2 = 3

if barbie_prize_s1 is None or barbie_prize_s2 is None:
   print('neutral')

elif barbie_prize_s1 == barbie_prize_s2:
   print('Entailment')

elif barbie_prize_s1 != barbie_prize_s2:
  print('contradiction')"
"the rock , which was returned from the moon in april 1972 by apollo 16 astronauts young and charlie duke , remains nasa property but is on extended loan for display at the burke baker planetarium theater located at the museum .",16 astronauts have been on the moon .,neutral,71,neutral,"astronauts_on_moon_s1 = 16
astronauts_on_moon_s2 = 16

astronauts_on_moon_s1 = None
astronauts_on_moon_s2 = None

if astronauts_on_moon_s1 is None or astronauts_on_moon_s2 is None:
   print(""Neutral"")
elif astronauts_on_moon_s1 < astronauts_on_moon_s2:
  print(""Entailment"")
elif astronauts_on_moon_s1 != astronauts_on_moon_s2:
  print(""Contradiction"")"
"denmark was one of three countries , along with sweden and britain , that opted not to join the euro currency system in its initial phase when it was launched in january 1999 .",sweden adopted the single european currency in 1999 .,neutral,72,neutral,"sweden_adopted_s1 = None
sweden_adopted_s2 = None
 
if sweden_adopted_s1 is None or sweden_adopted_s2 is None:
 print('neutral')

elif sweden_adopted_s1 > sweden_adopted_s2:
 print('Entailment')

elif sweden_adopted_s1 != sweden_adopted_s2:
 print('contradiction')"
"from its original 12 member states , cern has now grown to 20 , including a number of countries ( bulgaria , hungary , the czech and slovak republics , and poland ) of the new europe .",cern has 20 member states .,entailment,73,Entailment,"time_after_kerri_s1 = 60
time_after_kerri_s2 = 30

if time_after_kerri_s1 is None or time_after_kerri_s2 is None:
   print('neutral')

elif time_after_kerri_s1 > time_after_kerri_s2:
   print('Entailment')

elif time_after_kerri_s1 != time_after_kerri_s2:
  print('contradiction')"
"the european council is made up of the heads of state or government of the fifteen member states of the eu , the foreign ministers and the president of the commission . it must not be confused with the council of europe , which is an international organisation , nor with the council of the european union .",there are 15 member states in the council of europe .,neutral,74,neutral,"member_states_s1 = None
member_states_s2 = 15

if member_states_s1 is None or member_states_s2 is None:
   print('neutral')

elif member_states_s1 == member_states_s2:
   print('Entailment')

elif member_states_s1 != member_states_s2:
  print('contradiction')"
there are 360 million european citizens in 15 member states and yet we can not find just 20 men and women with the relevant professional competence and work experience to be commissioners .,there are 360 million european citizens .,entailment,75,Entailment,"european_citizens_s1 = 360
european_citizens_s2 = 360

if european_citizens_s1 is None or european_citizens_s2 is None:
   print('neutral')

elif european_citizens_s1 == european_citizens_s2:
   print('Entailment')

elif european_citizens_s1 != european_citizens_s2:
  print('contradiction')"
"monday , when the hearings begin , the palestinians will hold their demonstration during the same hours , and a 25-person counter-demonstration by israelis and jews will take place .",israelis will demonstrate and a counter-demonstration of 25 palestinians will be permitted as well .,neutral,76,neutral,"Person_counter_demonstraction_s1=25
Israelie_will_demonstrate_s2=None
if Person_counter_demonstraction_s1 is None or Israelie_will_demonstrate_s2 is None:
   print('neutral')
elif Person_counter_demonstraction_s1 == Israelie_will_demonstrate_s2:
   print('Entailment')
elif Person_counter_demonstraction_s1 != Israelie_will_demonstrate_s2:
   print('contradiction')

"
"still , violence continued : insurgents killed five u.s. soldiers , set off a suicide car bomb that killed four iraqi policemen in baghdad and targeted more polling sites across the country .","five us soldiers were killed , and at least 10 iraqis died in baghdad .",neutral,77,neutral,"killed_US_soldiers_s1 = None
killed_US_soldiers_s2 = 5

if killed_US_soldiers_s1 is None or killed_US_soldiers_s2 is None:
   print('neutral')

elif killed_US_soldiers_s1 == killed_US_soldiers_s2:
   print('Entailment')

elif killed_US_soldiers_s1 != killed_US_soldiers_s2:
  print('contradiction')"
"for the year , the dow rose 3 percent , while the s & p 500 index added 9 percent .","for the year , the dow gained 3 percent , the s & p rose 9 percent .",entailment,78,Entailment,"dow_gained_s1=3
dow_gained_s2=3
if dow_gained_s1 is None or dow_gained_s2 is None:
   print('neutral')
elif dow_gained_s1 == dow_gained_s2:
   print('Entailment')
elif dow_gained_s1 != dow_gained_s2:
   print('contradiction')"
"israeli helicopters shot two missiles at a car driving through the gaza strip on wednesday , killing three people , palestinian security sources said .",three militants from the islamic jihad group were killed when israeli helicopters fired missiles at a car in the gaza strip .,neutral,79,neutral,"killed_militants_s1 = None
killed_militants_s2 = 3

if killed_militants_s1 is None or killed_militants_s2 is None:
   print('neutral')

elif killed_militants_s1 == killed_militants_s2:
   print('Entailment')

elif killed_militants_s1 != killed_militants_s2:
  print('contradiction')"
"that was up from 3 percent in 2003 and marked the best showing since 1999 , when the economy grew by 4.5 percent .","that was up from 3 % in 2003 and marked the best showing since 1999 , when the growth was 4.5 % .",entailment,80,Entailment,"up_by_percentage_s1 = 3
up_by_percentage_s2 = 3

if up_by_percentage_s1 is None or up_by_percentage_s2 is None:
   print(""Neutral"")
elif up_by_percentage_s1 == up_by_percentage_s2 :
  print(""Entailment"")
elif up_by_percentage_s1 != up_by_percentage_s2 :
  print(""Contradiction"")"
"new voters also are less likely to be republicans ( 27 percent , compared with 36 percent of repeat voters ) and more apt to be liberals ( 28 percent vs. 17 percent ) .","among likely voters in this survey , 36 percent are democrats .",neutral,83,neutral,"total_stations_s1 = None
total_stations_s2 = 28

if total_stations_s1 is None or total_stations_s2 is None:
   print('neutral')

elif total_stations_s1 == total_stations_s2:
   print('Entailment')

elif total_stations_s1 != total_stations_s2:
  print('contradiction')"
"even as both sides appeared to make conciliatory moves , 11 militants and six army soldiers were killed in a four-hour gun battle in indian-administered kashmir .",a gun battle killed 17 people in indian-administered kashmir .,entailment,84,Entailment,"total_people_killed_s1 = 11+6
total_people_killed_s2 = 17

if total_people_killed_s1 is None or total_people_killed_s2 is None:
   print('neutral')

elif total_people_killed_s1 == total_people_killed_s2:
   print('Entailment')

elif total_people_killed_s1 != total_people_killed_s2:
  print('contradiction')"
"the average price of a gallon of gasoline has jumped a nickel over the past two weeks and is back near the record high set earlier this year , according to a national survey released sunday .",gas prices jumped 5 cents a gallon over the last two weeks .,entailment,85,Entailment,"average_price_s1 = 5
average_price_s2 = 5

if average_price_s1 is None or average_price_s2 is None:
   print('neutral')

elif average_price_s1 == average_price_s2:
   print('Entailment')

elif average_price_s1 != average_price_s2:
  print('contradiction')"
"employers created 144,000 new payroll jobs in august as the unemployment rate dipped to 5.4 percent , a modest improvement over the 5.5 percent jobless rate in july , the labor department reported friday .",the labor department said this sector has added nearly 1 of every 5 of the new jobs created during the last 12 months .,neutral,86,neutral,"payroll_jobs_s1 = 144000
payroll_jobs_s2 = None

if payroll_jobs_s1 is None or payroll_jobs_s2 is None:
   print('neutral')

elif payroll_jobs_s1 == payroll_jobs_s2:
   print('Entailment')

elif payroll_jobs_s1 != payroll_jobs_s2:
  print('contradiction')"
"a report from unaids , the joint united nations program on hiv/aids , released on tuesday , shows the number of adults and children living with hiv reached 39.4 million in 2004 .",there is an estimated 39.4 million people living with hiv .,entailment,91,Entailment,"number_of_people_with_hiv_s1 = 39.4
number_of_people_with_hiv_s2 = 39.4

if number_of_people_with_hiv_s1 is None or number_of_people_with_hiv_s2 is None:
    print(""Neutral"")
elif number_of_people_with_hiv_s1 == number_of_people_with_hiv_s2 :
    print(""Entailment"")
elif number_of_people_with_hiv_s1 != number_of_people_with_hiv_s2 :
    print(""Contradiction"")"
"two car bombs explode near a police station outside of baghdad 's green zone , killing seven police officers and wounding about 60 others .",a pair of car bombs explode near government offices in baghdad .,neutral,92,neutral,"Police_officers_wounding_s1=60
Pair_of_car_bomb_s2=None
if Police_officers_wounding_s1 is None or Pair_of_car_bomb_s2 is None:
   print('neutral')
elif Police_officers_wounding_s1 == Pair_of_car_bomb_s2:
   print('Entailment')
elif Police_officers_wounding_s1 != Pair_of_car_bomb_s2:
   print('contradiction')
"
"temporary help firms added 32,000 and education and health care services gained 13,000 jobs last month .","service industries such as education and health care added 46,000 jobs .",neutral,95,neutral,"jobs_s1 = 32000
jobs_s2 = 46000

jobs_s1 = None
jobs_s2 = None

if jobs_s1 is None or jobs_s2 is None:
   print(""Neutral"")
elif jobs_s1 < jobs_s2:
  print(""Entailment"")
elif jobs_s1 != jobs_s2:
  print(""Contradiction"")"
"the death toll of a fire that roared through a packed buenos aires nightclub climbed on friday to at least 175 , with more than 700 injured as young revellers stampeded to reach locked exit doors .",at least 174 had been killed and more than 410 people injured .,entailment,96,Entailment,"people_injured_s1 = 700
people_injured_s2 = 410
 
if people_injured_s1 is None or people_injured_s2 is None:
 print('neutral')

elif people_injured_s1 > people_injured_s2:
 print('Entailment')

elif people_injured_s1 != people_injured_s2:
 print('contradiction')"
"a 100-foot diameter asteroid will pass within 26,500 miles of earth , the closest-ever brush on record by a space rock , nasa astronomers said .","an asteroid with a diameter of 100 feet will pass close by earth , astronomers said .",entailment,97,Entailment,"asterd_diameter_s1 = 100
asterd_diameter_s2 = 100

if asterd_diameter_s1 is None or asterd_diameter_s2 is None:
   print('neutral')

elif asterd_diameter_s1 == asterd_diameter_s2:
   print('Entailment')

elif asterd_diameter_s1 != asterd_diameter_s2:
  print('contradiction')"
"a militant group beheaded three iraqi kurdish hostages , showing the killings in a videotape posted on a web site yesterday , while another group announced that it had kidnapped at least 15 iraqi national guardsmen .",a group claimed to have kidnapped 15 members of the iraqi national guard .,entailment,99,Entailment,"members_kidnapped_s1 = 15
members_kidnapped_s2 = 15

if members_kidnapped_s1 is None or members_kidnapped_s2 is None:
   print('neutral')

elif members_kidnapped_s1 == members_kidnapped_s2:
   print('Entailment')

elif members_kidnapped_s1 != members_kidnapped_s2:
  print('contradiction')"
"in baghdad , a car bomb exploded late sunday near a police patrol in the fashionable jadiriyah district , killing at least six people , including three police officers , and wounding 26 others .","the bomb killed six people , including three policeman .",entailment,100,Entailment,"People_killed_in_car_bomb_s1=6
Bomb_killed_s2=6
if People_killed_in_car_bomb_s1 is None or Bomb_killed_s2 is None:
    print(""neutral"")
elif People_killed_in_car_bomb_s1 == Bomb_killed_s2:
    print(""Entailment"")
elif People_killed_in_car_bomb_s1 != Bomb_killed_s2:
    print(""contradiction"")

"
"a mortar attack north of baghdad killed four iraqi national guardsmen and wounded 80 others tuesday , while a top official from a prominent charity was kidnapped in the iraqi capital .","on tuesday , a mortar attack killed four iraqi guardsmen and injured 80 north of baghdad .",entailment,102,Entailment,"guardsmen_s1=80
killed_fourguardsmen_s2=80
if guardsmen_s1 is None or killed_fourguardsmen_s2 is None:
   print('neutral')
elif guardsmen_s1 == killed_fourguardsmen_s2:
   print('Entailment')
elif guardsmen_s1 != killed_fourguardsmen_s2:
   print('contradiction')








"
"excluding those items , the company reported a net income of 79 cents per share , handily beating the estimate of 72 cents per share carried by analysts surveyed by thomson first call .",analysts surveyed by thomson first call were expecting earnings of 72 cents a share .,entailment,104,Entailment,"expected_earnings_s1 = 72
expected_earnings_s2 = 72

if expected_earnings_s1 is None or expected_earnings_s2 is None:
   print('neutral')

elif expected_earnings_s1 == expected_earnings_s2:
   print('Entailment')

elif expected_earnings_s1 != expected_earnings_s2:
  print('contradiction')"
"scientists on monday announced the discovery of a frozen , shiny red world some 8 billion miles from earth that is the most distant known object in the solar system .",a frozen world 8 billion miles from earth is believed to be the farthest known object within our solar system .,entailment,105,Entailment,"red_world_miles_from_earth_s1 = 8
red_world_miles_from_earth_s2 = 8

if red_world_miles_from_earth_s1 is None or red_world_miles_from_earth_s2 is None: 
   print(""Neutral"") 
elif red_world_miles_from_earth_s1 == red_world_miles_from_earth_s2: 
   print(""Entailment"") 
elif red_world_miles_from_earth_s1 != red_world_miles_from_earth_s2: 
   print(""Contradiction"")"
"the motion picture association of america ( mpaa ) said the civil suits would seek damages of up to $ 30,000 per film .","the law states $ 30,000 damages can be sought per film .",neutral,106,neutral,"law_states_damages_s1 = 30000
law_states_damages_s2 = 30000

law_states_damages_s1 = None
law_states_damages_s2 = None

if law_states_damages_s1 is None or law_states_damages_s2 is None:
   print(""Neutral"")
elif law_states_damages_s1 < law_states_damages_s2:
  print(""Entailment"")
elif law_states_damages_s1 != law_states_damages_s2:
  print(""Contradiction"")"
"the deal comes some two weeks after a $ 16 billion deal was reached between at & t and sbc , a top rival for qwest .",the two firms sealed the deal despite what was thought to be a higher offer from rival us carrier qwest .,neutral,108,neutral,"at_sbc_deal_s1 = 16
at_sbc_deal_s2 = None

if at_sbc_deal_s1 is None or at_sbc_deal_s2 is None:
   print('neutral')

elif at_sbc_deal_s1 == at_sbc_deal_s2:
   print('Entailment')

elif at_sbc_deal_s1 != at_sbc_deal_s2:
  print('contradiction')
"
"the sale was made to pay yukos ' us $ 27.5 billion tax bill , yuganskneftegaz was originally sold for us $ 9.4 billion to a little known company baikalfinansgroup which was later bought by the russian state-owned oil company rosneft .",yuganskneftegaz cost us $ 27.5 billion .,neutral,111,neutral,"tax_bill_s1 = None
tax_bill_s2 = 27.5

if tax_bill_s1 is None or tax_bill_s2 is None:
   print('neutral')

elif tax_bill_s1 == tax_bill_s2:
   print('Entailment')

elif tax_bill_s1 != tax_bill_s2:
  print('contradiction')"
"after his release , the clean-shaven magdy el-nashar told reporters outside his home that he had nothing to do with the july 7 transit attacks , which killed 52 people and the four bombers .",52 people and four bombers were killed on july 7 .,entailment,114,Entailment,"number_of_people_died_s1 = 52
number_of_people_died_s2 = 52

if number_of_people_died_s1 is None or number_of_people_died_s2 is None:
    print(""Neutral"")
elif number_of_people_died_s1 == number_of_people_died_s2 :
    print(""Entailment"")
elif number_of_people_died_s1 != number_of_people_died_s2 :
    print(""Contradiction"")"
"mrs. bush 's approval ratings have remained very high , above 80 % , even as her husband 's have recently dropped below 50 % .",80 % approve of mr. bush .,neutral,115,neutral,"bush_approve_rating_in_s1 = 0
bush_approve_rating_in_s1 > 80
bush_approve_rating_in_s2 = 80
bush_husband_rating_in_s1 = 50
bush_husband_rating_in_s2 = None

if bush_approve_rating_in_s1 is None or bush_approve_rating_in_s2 is None or bush_approve_rating_in_s2 > 80 or bush_husband_rating_in_s1 is None or bush_husband_rating_in_s2 is None:
    print(""neutral"")
elif bush_approve_rating_in_s1 == bush_approve_rating_in_s2 and bush_husband_rating_in_s1 == bush_husband_rating_in_s2:
    print(""Entailment"")
elif bush_approve_rating_in_s1 != bush_approve_rating_in_s2 or bush_husband_rating_in_s1 != bush_husband_rating_in_s2:
    print(""contradiction"")"
he said that `` there is evidence that cristiani was involved in the murder of the six jesuit priests '' which occurred on 16 november in san salvador .,cristiani is accused of the assassination of six jesuits .,entailment,116,Entailment,"murder_accused_s1 = 6
murder_accused_s2 = 6

if murder_accused_s1 is None or murder_accused_s2 is None:
   print('neutral')

elif murder_accused_s1 == murder_accused_s2:
   print('Entailment')

elif murder_accused_s1 != murder_accused_s2:
  print('contradiction')"
"general dynamics , the maker of land combat systems , warships and gulfstream business jets , reported net earnings of $ 374m in the third quarter , or $ 1.84 per share .",general dynamics loses $ 374m .,neutral,118,neutral,"dynamic_loses_s1 = None
dynamic_loses_s2 = 347

if dynamic_loses_s1 is None or dynamic_loses_s2 is None:
   print('neutral')

elif dynamic_loses_s1 == dynamic_loses_s2:
   print('Entailment')

elif dynamic_loses_s1 != dynamic_loses_s2:
  print('contradiction')
"
"in the may 2005 general election michael howard failed to unseat the labour government , although the conservatives did gain 33 seats , playing the most significant role in reducing labour 's majority from 167 to 66 .",in the may 2005 general election conservatives got 33 seats .,neutral,119,neutral,"conservatives_gain_s1=33
conservatives_gain_s1=None
conservatives_gain_s2=33

if conservatives_gain_s1 is None or conservatives_gain_s2 is None:
   print('neutral')
elif conservatives_gain_s1 == conservatives_gain_s2:
   print('Entailment')
elif conservatives_gain_s1 != conservatives_gain_s2:
   print('contradiction')



"
"ascap is a membership association of more than 200,000 u.s. composers , songwriters , lyricists and music publishers of every kind of music .","more than 200,000 u.s. composers , songwriters , lyricists and music publishers are members of ascap .",entailment,121,Entailment,"Composers_songwriter_and_music_publishers_s1=200000+1
Composers_songwriter_and_music_publishers_s2=200000+1
if Composers_songwriter_and_music_publishers_s1 is None or Composers_songwriter_and_music_publishers_s2 is None:
   print('neutral')
elif Composers_songwriter_and_music_publishers_s1 == Composers_songwriter_and_music_publishers_s2:
   print('Entailment')
elif Composers_songwriter_and_music_publishers_s1 != Composers_songwriter_and_music_publishers_s2:
   print('contradiction')
"
"take consumer products giant procter and gamble . even with a $ 1.8 billion research and development budget , it still manages 500 active partnerships each year , many of them with small companies .",procter and gamble spends $ 1.8 billion for research and development .,entailment,123,Entailment,"gamble_spends_s1 = 1.8
gamble_spends_s2 = 1.8
 
if gamble_spends_s1 is None or gamble_spends_s2 is None:
 print('neutral')

elif gamble_spends_s1 == gamble_spends_s2:
 print('Entailment')

elif gamble_spends_s1 != gamble_spends_s2:
 print('contradiction')"
"the armed forces press committee ( coprefa ) admitted that the government troops sustained 11 casualties in these clashes , adding that they inflicted three casualties on the rebels .",three rebels were killed by government troops .,entailment,124,Entailment,"casualties_in_rable_s1 = 3
casualties_in_rable_s2 = 3

if casualties_in_rable_s1 is None or casualties_in_rable_s2 is None:
    print(""neutral"")
elif (casualties_in_rable_s1 == casualties_in_rable_s2):
    print(""Entailment"")
elif casualties_in_rable_s1 != casualties_in_rable_s2:
    print(""contradiction"")"
"tom online revenues for the three months ended june 30 , 2005 were us $ 42.78 mn , an increase of 38.5 % over the same period in 2004 .",tom online earned us $ 42.78 mn in three months .,entailment,125,Entailment,"three_months_revenue_in_s1 = 42.78
three_months_revenue_in_s2 = 42.78


if three_months_revenue_in_s1 is None or three_months_revenue_in_s2 is None:
    print(""neutral"")
elif (three_months_revenue_in_s1 == three_months_revenue_in_s2):
    print(""Entailment"")
elif three_months_revenue_in_s1 != three_months_revenue_in_s2:
    print(""contradiction"")"
"violence over the last week killed 23 people , two worshippers dragged from a mosque and shot , underlining the challenges of bringing stability and strengthening afghanistan 's fledgling democracy .",two worshippers were killed in afghanistan .,entailment,126,Entailment,"worshippers_s1 = 2
worshippers_s2 = 2

if worshippers_s1 is None or worshippers_s2 is None:
   print('neutral')

elif worshippers_s1 == worshippers_s2:
   print('Entailment')

elif worshippers_s1 != worshippers_s2:
  print('contradiction')"
"elsewhere , mozambique took its first ever olympic gold medal when maria mutola won the women 's eight-hundred metres , while the men 's ten-thousand-metres went to the ethiopian haile gebrselassie .",the women 's ten thousand metres champion is from mozambique .,neutral,128,neutral,"woman_race_length_in_s1 = 800
mans_race_in_s1 = 10000
woman_race_length_in_s2 = 10000
mans_race_in_s2 = None

if woman_race_length_in_s1 is None or woman_race_length_in_s2 is None or mans_race_in_s1 is None or mans_race_in_s2 is None:
    print(""neutral"")
elif woman_race_length_in_s1 == woman_race_length_in_s2 and mans_race_in_s1 == mans_race_in_s2:
    print(""Entailment"")
elif woman_race_length_in_s1 != woman_race_length_in_s2 or mans_race_in_s1 != mans_race_in_s2:
    print(""contradiction"")"
"last week , saw the fall of the dutch right wing coalition government , made up of the christian-democrats ( cda ) led by prime minister jan peter balkenende , the right wing liberal party ( vvd ) and the so-called left-liberal d66 .",three parties form a dutch coalition government .,entailment,129,Entailment,"total_parties_s1 = 3
total_parties_s2 = 3
 
if total_parties_s1 is None or total_parties_s2 is None:
 print('neutral')

elif total_parties_s1 == total_parties_s2:
 print('Entailment')

elif total_parties_s1 != total_parties_s2:
 print('contradiction')"
"this coalition took seven months to form , the longest deadlock in dutch history . it occurred only after negotiations between the cda and the pvda failed , first over tax issues , then over the issue of abortion .",three parties form a dutch coalition government .,neutral,131,neutral,"dutch_parties_s1 = None
dutch_parties_s2 = 3
 
if dutch_parties_s1 is None or dutch_parties_s2 is None:
 print('neutral')

elif dutch_parties_s1 == dutch_parties_s2:
 print('Entailment')

elif dutch_parties_s1 != dutch_parties_s2:
 print('contradiction')"
"more than a decade ago , carl lewis stood on the threshold of what was to become the greatest athletics career in history . he had just broken two of the legendary jesse owens ' college records , but never believed he would become a corporate icon , the focus of hundreds of millions of dollars in advertising . his sport was still nominally amateur . eighteen olympic and world championship gold medals and 21 world records later , lewis has become the richest man in the history of track and field -- a multi-millionaire .",carl lewis won eighteen gold medals and set 21 world records .,entailment,132,Entailment,"world_records_jesse_has_s1 = 21
world_records_jesse_has_s2 = 21

if world_records_jesse_has_s1 is None or world_records_jesse_has_s2 is None:
   print('neutral')

elif world_records_jesse_has_s1 == world_records_jesse_has_s2:
   print('Entailment')

elif world_records_jesse_has_s1 != world_records_jesse_has_s2:
  print('contradiction')"
"of all the national park lands in the united states , none is closer to a major urban area or more beset with problems than the everglades , a shallow , 50-mile-wide river of grass that flows south from lake okeechobee to florida bay . for more than a generation , this fragile natural wonder has been held hostage by a web of special interests -- farmers , sportsmen and about 6 million south florida residents in need of drinking water and flood control -- that is as complex as the ecosystem itself .",the everglades is 50-mile wide .,entailment,133,Entailment,"everglades_s1 = 50
everglades_s2 = 50
 
if everglades_s1 is None or everglades_s2 is None:
 print('neutral')

elif everglades_s1 == everglades_s2:
 print('Entailment')

elif everglades_s1 != everglades_s2:
 print('contradiction')"
thousands of romanians participated in rallies on monday to campaign for the release of three romanian journalists kidnapped last month in iraq . crowds swelled in size after a weekend of smaller rallies sponsored by romanian media workers and the arab community in romania .,romania sent 730 troops in iraq .,neutral,135,neutral,"troops_sent_s1 = None
troops_sent_s2 = 730
 
if troops_sent_s1 is None or troops_sent_s2 is None:
 print('neutral')

elif troops_sent_s1 == troops_sent_s2:
 print('Entailment')

elif troops_sent_s1 != troops_sent_s2:
 print('contradiction')"
"beamon 's jump was a world record that eclipsed the previous record by 21 3/4 inches . the jump still stands as an olympic record , and stood as a world record until mike powell leapt 29 ' 4 1/2 '' at the 1991 world championships in tokyo .","2,45 m is the world record in the high jump .",neutral,137,neutral,"record_eclipsed_s1 = 21
record_eclipsed_s2 = None
 
if record_eclipsed_s1 is None or record_eclipsed_s2 is None:
 print('neutral')

elif record_eclipsed_s1 == record_eclipsed_s2:
 print('Entailment')

elif record_eclipsed_s1 != record_eclipsed_s2:
 print('contradiction')"
"it is outstripped only by denmark , the netherlands , belgium , sweden , finland and france , and thus ranks 7th in the 25-member european union in terms of broadband internet penetration .",12 members of the european union use the euro instead of their own national currencies .,neutral,138,neutral,"members_in_european_union_s1 = None
members_in_european_union_s2 = 12

if members_in_european_union_s1 is None or members_in_european_union_s2 is None:
   print('neutral')

elif members_in_european_union_s1 == members_in_european_union_s2:
   print('Entailment')

elif members_in_european_union_s1 != members_in_european_union_s2:
  print('contradiction')"
"romania currently supplies one of the world 's largest contingents of troops in iraq , with nearly 1000 people .",romania sent 730 troops in iraq .,neutral,139,neutral,"troops_in_iraq_s1 = None
troops_in_iraq_s2 = 730

if troops_in_iraq_s1 is None or troops_in_iraq_s2 is None:
   print('neutral')

elif troops_in_iraq_s1 == troops_in_iraq_s2:
   print('Entailment')

elif troops_in_iraq_s1 != troops_in_iraq_s2:
  print('contradiction')"
"out of the seven expeditions who were permitted to climb the 8586-meter high mt . kanchenjunga , only one climber from the united states succeeded .",kanchenjunga is 8586 meters high .,entailment,140,Entailment,"permitted_to_climb_s1=8586
Kanchan_ganga_high_s2=8586
if permitted_to_climb_s1 is None or Kanchan_ganga_high_s2 is None:
   print('neutral')
elif permitted_to_climb_s1 == Kanchan_ganga_high_s2:
   print('Entailment')
elif permitted_to_climb_s1 != Kanchan_ganga_high_s2:
   print('contradiction')








"
"a seven-member tibetan mountaineering team conquered the 8,586-meter mt . kanchenjunga , the third highest peak of the world , the chinese mountaineering association confirmed here on sunday .",kanchenjunga is 8586 meters high .,entailment,141,Entailment,"kanchenjunga_s1 = 8586
kanchenjunga_s2 = 8586
 
if kanchenjunga_s1 is None or kanchenjunga_s2 is None:
 print('neutral')

elif kanchenjunga_s1 == kanchenjunga_s2:
 print('Entailment')

elif kanchenjunga_s1 != kanchenjunga_s2:
 print('contradiction')"
"the new moon , which is only about 25 miles in diameter , was actually photographed 13 years ago by the voyager 2 .",the moon titan has a diameter of 5100 kilometers .,neutral,143,neutral,"moon_dia_in_s1 = 25
moon_photograph_in_s1 = 13
moon_dia_in_s2 = 5100
moon_photograph_in_s2 = None

if moon_dia_in_s1 is None or moon_dia_in_s2 is None or moon_photograph_in_s1 is None or moon_photograph_in_s2 is None:
    print(""neutral"")
elif moon_dia_in_s1 == moon_dia_in_s1 and moon_photograph_in_s1 == moon_photograph_in_s2:
    print(""Entailment"")
elif moon_photograph_in_s1 != moon_photograph_in_s1 or  moon_dia_in_s1!= moon_dia_in_s2:
    print(""contradiction"")"
"io is 2,236 miles ( 3,598 kilometers ) in diameter , slightly larger than the earth 's moon .",the terrestrial moon has a diameter of 3746 kilometers .,neutral,146,neutral,"Io_s1=3598
Io_s2=3746
Io_s2=None
if Io_s1 is None or Io_s2 is None:
   print('neutral')
elif Io_s1 == Io_s2:
   print('Entailment')
elif Io_s1 != Io_s2:
   print('contradiction')
"
"the expulsion of albanians , which has distracted nato with a parallel relief operation , has only served to harden the resolve of nato 's 19 members , who are now willing to approve attacks on more sensitive targets , like milosevic 's homes and yugoslavia 's state-run television .",nato has 16 members .,neutral,147,neutral,"resolve_members_s1 = 19
resolve_members_s2 = None

if resolve_members_s1 is None or resolve_members_s2 is None:
   print('neutral')

elif resolve_members_s1 == resolve_members_s2:
   print('Entailment')

elif resolve_members_s1 != resolve_members_s2:
  print('contradiction')
"
"two portraits , one by reynolds , the other by gainsborough , since 1990 among the most looked-after works in the art loss register database , were recovered this week when they were brought into sotheby 's for evaluation . also a lithograph by norwegian artist edvard munch , stolen from an oslo art gallery in april , has been recovered , news reports said today .",these two portraits and a lithography by edvard munch were recovered using the art loss register database .,neutral,151,neutral,"most_looked_year_s1 = 1990
most_looked_year_s2 = None
 
if most_looked_year_s1 is None or most_looked_year_s2 is None:
 print('neutral')

elif most_looked_year_s1 == most_looked_year_s2:
 print('Entailment')

elif most_looked_year_s1 != most_looked_year_s2:
 print('contradiction')"
amsterdam police said wednesday that they have recovered stolen lithographs by the late u.s. pop artist andy warhol worth more than $ 1 million .,police recovered 81 andy warhol lithographs .,neutral,152,neutral,"andy_warhol_worth_s1 = 1000000
andy_warhol_worth_s2 = None
 
if andy_warhol_worth_s1 is None or andy_warhol_worth_s2 is None:
 print('neutral')

elif andy_warhol_worth_s1 == andy_warhol_worth_s2:
 print('Entailment')

elif andy_warhol_worth_s1 != andy_warhol_worth_s2:
 print('contradiction')"
the investigation involving mr lopez and three associates are primarily concerned with suspicions of the systematic theft of secrets .,seven other gm executives left with lopez .,neutral,153,neutral,"investigation_involving_executives_s1 = 4
investigation_involving_executives_s2 = 7

investigation_involving_executives_s1 = None
investigation_involving_executives_s2 = None

if investigation_involving_executives_s1 is None or investigation_involving_executives_s2 is None:
   print(""Neutral"")
elif investigation_involving_executives_s1 < investigation_involving_executives_s2:
  print(""Entailment"")
elif investigation_involving_executives_s1 != investigation_involving_executives_s2:
  print(""Contradiction"")"
a belgian policeman posing as an art dealer in brussels arrested three swedes .,three swedes were arrested in a belgian police sting operation .,entailment,154,Entailment,"swedes_arrested_s1 = 3
swedes_arrested_s2 = 3
 
if swedes_arrested_s1 is None or swedes_arrested_s2 is None:
 print('neutral')

elif swedes_arrested_s1 == swedes_arrested_s2:
 print('Entailment')

elif swedes_arrested_s1 != swedes_arrested_s2:
 print('contradiction')"
the united nations last night elected eight judges for the international war crimes tribunal that will try those accused of murders and other atrocities in former yugoslavia since 1991 .,11 judges in the yugoslavia war tribunal were sworn in at the world court .,neutral,155,neutral,"judges_s1 = None
judges_s2 = 11

if judges_s1 is None or judges_s2 is None:
   print('neutral')

elif judges_s1 == judges_s2:
   print('Entailment')

elif judges_s1 != judges_s2:
  print('contradiction')"
"more than 6,400 migratory birds and other animals were killed in nevada by drinking water in the cyanide-laced ponds produced by gold mining operations .",animals have died by the thousands from drinking at cyanide-laced holding ponds .,entailment,156,Entailment,"Animals_killed_s1=6400
Animals_killed_s1=1000
if Animals_killed_s1 is None or Animals_killed_s1 is None:
   print('neutral')
elif Animals_killed_s1 >= Animals_killed_s1:
   print('Entailment')
elif Animals_killed_s1 != Animals_killed_s1:
   print('contradiction')
"
"gemayel 's assassination is almost certain to deepen the political crisis in lebanon , which started after the resignation of six pro-syrian ministers , two from hezbollah , hours after all-party round table talks collapsed .",after the resignation of six pro-syrian ministers a deep political crises started in lebanon .,entailment,161,Entailment,"crisis_res_number_in_s1 = 6
crisis_res_number_in_s2 = 6

if crisis_res_number_in_s1 is None or crisis_res_number_in_s2 is None:
    print(""neutral"")
elif crisis_res_number_in_s1 == crisis_res_number_in_s2:
    print(""Entailment"")
elif crisis_res_number_in_s1 != crisis_res_number_in_s2:
    print(""contradiction"")
"
"in 2003 , yunus brought the microcredit revolution to the streets of bangladesh to support more than 50,000 beggars , whom the grameen bank respectfully calls struggling members .","yunus supported more than 50,000 struggling members .",entailment,163,Entailment,"Bangladesh_support_beggars_s1=50000+1
Youns_supported_s2=500000+1
if Bangladesh_support_beggars_s1 is None or Youns_supported_s2 is None:
   print('neutral')
elif Bangladesh_support_beggars_s1 == Youns_supported_s2:
   print('Entailment')
elif Bangladesh_support_beggars_s1 != Youns_supported_s2:
   print('contradiction')

"
"two other marines , tyler jackson and john jodka iii , have already pleaded guilty to aggravated assault and conspiracy to obstruct justice and were sentenced to 21 months and 18 months , respectively .",tyler jackson has been sentenced to 18 months .,neutral,165,neutral,"jackson_sentenced_s1 = None
jackson_sentenced_s2 = 18

if jackson_sentenced_s1 is None or jackson_sentenced_s2 is None:
   print('neutral')

elif jackson_sentenced_s1 == jackson_sentenced_s2:
   print('Entailment')

elif jackson_sentenced_s1 != jackson_sentenced_s2:
  print('contradiction')"
