sample_index,generated_label,error_message,golden_label,premise,hypothesis,clean_premise,clean_hypothesis,completion
21,neutral,,neutral,"The 8,568-meter Mt . Kanchenjunga , the third highest in the world , is located in the border area of Nepal , India and China .",Kanchenjunga is 8586 meters high .,"the 8,568-meter mt . kanchenjunga , the third highest in the world , is located in the border area of nepal , india and china .",kanchenjunga is 8586 meters high .,"height_premise = 8568
height_hypothesis = 8586

def entailment_or_neutral(height_premise, height_hypothesis):
    # both the premise and hypothesis talk about the height of Kanchenjunga
    # check if the height in the hypothesis entails the one in the premise, by checking if they are equal
    if height_hypothesis == height_premise:
        return True
    else:
        return None

print(entailment_or_neutral(height_premise, height_hypothesis))
"
145,neutral,,neutral,"Mars has the smallest confirmed moon , Deimos , which is about 7.5 miles in diameter .",The terrestrial moon has a diameter of 3746 kilometers .,"mars has the smallest confirmed moon , deimos , which is about 7.5 miles in diameter .",the terrestrial moon has a diameter of 3746 kilometers .,"diameter_deimos_miles_premise = 7.5
diameter_moon_km_hypothesis = 3746

def entailment_or_neutral(diameter_deimos_miles_premise, diameter_moon_km_hypothesis):
    # the hypothesis talks about terrestrial moon while the premise talks about Mars's moon Deimos
    # these are not the same entities, so the hypothesis is neutral with respect to the premise
    return None

print(entailment_or_neutral(diameter_deimos_miles_premise, diameter_moon_km_hypothesis))
"
105,entailment,,entailment,"Scientists on Monday announced the discovery of a frozen , shiny red world some 8 billion miles from Earth that is the most distant known object in the solar system .",A frozen world 8 billion miles from Earth is believed to be the farthest known object within our solar system .,"scientists on monday announced the discovery of a frozen , shiny red world some 8 billion miles from earth that is the most distant known object in the solar system .",a frozen world 8 billion miles from earth is believed to be the farthest known object within our solar system .,"distance_premise = 8e9 # distance in miles
distance_hypothesis = 8e9 # distance in miles

def entailment_or_neutral(distance_premise, distance_hypothesis):
    # the hypothesis talks about the distance of the most distant object in the solar system, which is also mentioned in the premise
    # check if the distance in the hypothesis entails the one in the premise, by checking if they are equal
    if distance_hypothesis == distance_premise:
        return True
    else:
        return None

print(entailment_or_neutral(distance_premise, distance_hypothesis))
"
101,entailment,,entailment,"For all last year , business spending on equipment and software grew 13.4 % , the largest increase since 1997 .",Business spending on equipment and software grew by 13.4 percent .,"for all last year , business spending on equipment and software grew 13.4 % , the largest increase since 1997 .",business spending on equipment and software grew by 13.4 percent .,"growth_rate_premise = 13.4
growth_rate_hypothesis = 13.4

def entailment_or_neutral(growth_rate_premise, growth_rate_hypothesis):
    # the hypothesis talks about the growth rate of business spending on equipment and software, which is also mentioned in the premise
    # check if the growth rate in the hypothesis entails the one in the premise, by checking if they are equal
    if growth_rate_hypothesis == growth_rate_premise:
        return True
    else:
        return None

print(entailment_or_neutral(growth_rate_premise, growth_rate_hypothesis))
"
104,entailment,,entailment,"Excluding those items , the company reported a net income of 79 cents per share , handily beating the estimate of 72 cents per share carried by analysts surveyed by Thomson First Call .",Analysts surveyed by Thomson First call were expecting earnings of 72 cents a share .,"excluding those items , the company reported a net income of 79 cents per share , handily beating the estimate of 72 cents per share carried by analysts surveyed by thomson first call .",analysts surveyed by thomson first call were expecting earnings of 72 cents a share .,"net_income_per_share_premise = 79
estimate_per_share_premise = 72
estimate_per_share_hypothesis = 72

def entailment_or_neutral(net_income_per_share_premise, estimate_per_share_premise, estimate_per_share_hypothesis):
    # the hypothesis talks about the estimate per share expected by the analysts, which is also mentioned in the premise
    # check if the estimate per share in the hypothesis entails the one in the premise, by checking if they are equal
    if estimate_per_share_hypothesis == estimate_per_share_premise:
        return True
    else:
        return None

print(entailment_or_neutral(net_income_per_share_premise, estimate_per_share_premise, estimate_per_share_hypothesis))
"
8,entailment,,entailment,"Human rights groups say police detained some 2,500 people after the attack on the Hilton hotel in Taba and mistreated many of them .","Some 2,500 people have been arrested after the attack on the Hilton hotel in Taba .","human rights groups say police detained some 2,500 people after the attack on the hilton hotel in taba and mistreated many of them .","some 2,500 people have been arrested after the attack on the hilton hotel in taba .","detained_people_premise = 2500
arrested_people_hypothesis = 2500

def entailment_or_neutral(detained_people_premise, arrested_people_hypothesis):
    # the hypothesis talks about the number of people arrested which is similar to the number of people detained in the premise
    # check if the number of people arrested in the hypothesis entails the one in the premise, by checking if they are equal
    if arrested_people_hypothesis == detained_people_premise:
        return True
    else:
        return None

print(entailment_or_neutral(detained_people_premise, arrested_people_hypothesis))
"
25,neutral,,neutral,The diameter of the moon cake is 2.1 meters .,"The terrestrial moon has a diameter of 3,746 kilometers .",the diameter of the moon cake is 2.1 meters .,"the terrestrial moon has a diameter of 3,746 kilometers .","diameter_moon_cake_premise = 2.1
diameter_moon_hypothesis = 3746

def entailment_or_neutral(diameter_moon_cake_premise, diameter_moon_hypothesis):
    # the hypothesis talks about the diameter of the terrestrial moon, which is not referenced in the premise (the premise talks about a moon cake). 
    # The hypothesis cannot be entailed from the premise, since the diameter of the terrestrial moon is not known in the premise.
    return None

print(entailment_or_neutral(diameter_moon_cake_premise, diameter_moon_hypothesis))
"
99,entailment,,entailment,"A militant group beheaded three Iraqi Kurdish hostages , showing the killings in a videotape posted on a Web site yesterday , while another group announced that it had kidnapped at least 15 Iraqi National Guardsmen .",A group claimed to have kidnapped 15 members of the Iraqi National Guard .,"a militant group beheaded three iraqi kurdish hostages , showing the killings in a videotape posted on a web site yesterday , while another group announced that it had kidnapped at least 15 iraqi national guardsmen .",a group claimed to have kidnapped 15 members of the iraqi national guard .,"kidnapped_guardsmen_premise = 15
kidnapped_guardsmen_hypothesis = 15

def entailment_or_neutral(kidnapped_guardsmen_premise, kidnapped_guardsmen_hypothesis):
    # the hypothesis talks about the number of kidnapped guardsmen, which are also mentioned in the premise
    # check if the number of kidnapped guardsmen in the hypothesis entails the one in the premise, by checking if they are equal or less
    if kidnapped_guardsmen_hypothesis == kidnapped_guardsmen_premise:
        return True
    else:
        return None

print(entailment_or_neutral(kidnapped_guardsmen_premise, kidnapped_guardsmen_hypothesis))
"
147,neutral,,neutral,"The expulsion of Albanians , which has distracted NATO with a parallel relief operation , has only served to harden the resolve of NATO 's 19 members , who are now willing to approve attacks on more sensitive targets , like Milosevic 's homes and Yugoslavia 's state-run television .",NATO has 16 members .,"the expulsion of albanians , which has distracted nato with a parallel relief operation , has only served to harden the resolve of nato 's 19 members , who are now willing to approve attacks on more sensitive targets , like milosevic 's homes and yugoslavia 's state-run television .",nato has 16 members .,"nato_members_premise = 19
nato_members_hypothesis = 16

def entailment_or_neutral(nato_members_premise, nato_members_hypothesis):
    # the hypothesis talks about the number of NATO members, which is also mentioned in the premise
    # check if the number of NATO members in the hypothesis entails the one in the premise, by checking if they are equal
    if nato_members_hypothesis == nato_members_premise:
        return True
    else:
        return None

print(entailment_or_neutral(nato_members_premise, nato_members_hypothesis))
"
53,entailment,,entailment,"There were no immediate reports of injuries , and authorities said they found no signs of fires at any other church in Greenville , which is about 75 miles east of Raleigh .",Greenville is located about 75 miles east of Raleigh .,"there were no immediate reports of injuries , and authorities said they found no signs of fires at any other church in greenville , which is about 75 miles east of raleigh .",greenville is located about 75 miles east of raleigh .,"distance_premise = 75
distance_hypothesis = 75

def entailment_or_neutral(distance_premise, distance_hypothesis):
    # the hypothesis talks about the distance from Greenville to Raleigh, which is also mentioned in the premise
    # check if the distance in the hypothesis entails the one in the premise, by checking if they are equal
    if distance_hypothesis == distance_premise:
        return True
    else:
        return None

print(entailment_or_neutral(distance_premise, distance_hypothesis))
"
155,neutral,,neutral,The United Nations last night elected eight judges for the international war crimes tribunal that will try those accused of murders and other atrocities in former Yugoslavia since 1991 .,11 judges in the Yugoslavia war tribunal were sworn in at the World court .,the united nations last night elected eight judges for the international war crimes tribunal that will try those accused of murders and other atrocities in former yugoslavia since 1991 .,11 judges in the yugoslavia war tribunal were sworn in at the world court .,"judges_elected_premise = 8
judges_sworn_hypothesis = 11

def entailment_or_neutral(judges_elected_premise, judges_sworn_hypothesis):
    # the hypothesis talks about the number of judges sworn in tribunal, which are not referenced in the premise
    # The hypothesis cannot be entailed from the premise, since the number of judges sworn in is unknown.
    return None

print(entailment_or_neutral(judges_elected_premise, judges_sworn_hypothesis))
"
50,entailment,,entailment,"Defense Secretary Robert Gates earlier this month recommended that the Army 's troop strength be increased by 65,000 soldiers , to a total of 547,000 worldwide and the Marines be increased by 27,000 to 202,000 .","The Defense Secretary suggested that the Army 's troop should be increased to 547,000 soldiers .","defense secretary robert gates earlier this month recommended that the army 's troop strength be increased by 65,000 soldiers , to a total of 547,000 worldwide and the marines be increased by 27,000 to 202,000 .","the defense secretary suggested that the army 's troop should be increased to 547,000 soldiers .","increase_army_premise = 65000
total_army_premise = 547000
increase_marines_premise = 27000
total_marines_premise = 202000

total_army_hypothesis = 547000

def entailment_or_neutral(increase_army_premise, total_army_premise, increase_marines_premise, total_marines_premise, total_army_hypothesis):
    # the hypothesis talks about the total number of army soldiers, which is also mentioned in the premise
    # check if the total number of army soldiers in the hypothesis entails the one in the premise, by checking if they are equal
    if total_army_hypothesis == total_army_premise:
        return True
    else:
        return None

print(entailment_or_neutral(increase_army_premise, total_army_premise, increase_marines_premise, total_marines_premise, total_army_hypothesis))
"
115,neutral,,neutral,"Mrs. Bush 's approval ratings have remained very high , above 80 % , even as her husband 's have recently dropped below 50 % .",80 % approve of Mr. Bush .,"mrs. bush 's approval ratings have remained very high , above 80 % , even as her husband 's have recently dropped below 50 % .",80 % approve of mr. bush .,"mrs_bush_approval_premise = 80
mr_bush_approval_hypothesis = 80

def entailment_or_neutral(mrs_bush_approval_premise, mr_bush_approval_hypothesis):
    # the hypothesis talks about Mr. Bush's approval rating, which is not mentioned in the premise. 
    # The hypothesis cannot be entailed from the premise, since Mr. Bush's approval rating is unknown.
    return None

print(entailment_or_neutral(mrs_bush_approval_premise, mr_bush_approval_hypothesis))
"
120,neutral,,neutral,"Following the Declaration of the Establishment of the State of Israel , May 14 , 1948 , seven Arab states entered Palestine and engaged Israeli forces .",Israeli forces attacked seven Arab states in 1948 .,"following the declaration of the establishment of the state of israel , may 14 , 1948 , seven arab states entered palestine and engaged israeli forces .",israeli forces attacked seven arab states in 1948 .,"year_premise = 1948
arab_states_premise = 7
arab_states_hypothesis = 7

def entailment_or_neutral(year_premise, arab_states_premise, arab_states_hypothesis):
    # the hypothesis talks about Israeli forces attacking seven Arab states, which is not mentioned in the premise
    # the premise only mentions that seven Arab states entered Palestine and engaged Israeli forces, but does not specify who attacked first
    # therefore, the hypothesis cannot be entailed from the premise
    return None

print(entailment_or_neutral(year_premise, arab_states_premise, arab_states_hypothesis))
"
57,neutral,,neutral,"Some 420 people have been hanged in Singapore since 1991 , mostly for drug trafficking , an Amnesty International 2004 report said . That gives the country of 4.4 million people the highest execution rate in the world relative to population .",4.4 million people were executed in Singapore .,"some 420 people have been hanged in singapore since 1991 , mostly for drug trafficking , an amnesty international 2004 report said . that gives the country of 4.4 million people the highest execution rate in the world relative to population .",4.4 million people were executed in singapore .,"total_execution_since_1991_premise = 420
population_singapore_premise = 4.4e6
total_execution_hypothesis = 4.4e6

def entailment_or_neutral(total_execution_since_1991_premise, population_singapore_premise, total_execution_hypothesis):
    # the hypothesis talks about total execution in Singapore, which is also mentioned in the premise
    # check if the total execution in the hypothesis entails the one in the premise, by checking if the hypothesis value is greater than the premise
    if total_execution_hypothesis > total_execution_since_1991_premise:
        return None
    else:
        return True

print(entailment_or_neutral(total_execution_since_1991_premise, population_singapore_premise, total_execution_hypothesis))
"
111,neutral,,neutral,"The sale was made to pay Yukos ' US $ 27.5 billion tax bill , Yuganskneftegaz was originally sold for US $ 9.4 billion to a little known company Baikalfinansgroup which was later bought by the Russian state-owned oil company Rosneft .",Yuganskneftegaz cost US $ 27.5 billion .,"the sale was made to pay yukos ' us $ 27.5 billion tax bill , yuganskneftegaz was originally sold for us $ 9.4 billion to a little known company baikalfinansgroup which was later bought by the russian state-owned oil company rosneft .",yuganskneftegaz cost us $ 27.5 billion .,"tax_bill_premise = 27.5
sale_price_premise = 9.4
sale_price_hypothesis = 27.5

def entailment_or_neutral(tax_bill_premise, sale_price_premise, sale_price_hypothesis):
    # the hypothesis talks about the sale price of Yuganskneftegaz, which is also mentioned in the premise
    # check if the sale price in the hypothesis entails the one in the premise, by checking if they are equal
    if sale_price_hypothesis == sale_price_premise:
        return True
    else:
        return None

print(entailment_or_neutral(tax_bill_premise, sale_price_premise, sale_price_hypothesis))
"
30,neutral,,neutral,"Alluding to Greece 's proposal , and other differences within the alliance , Albright said `` there are a variety of ideas '' among the diverse 19 NATO member nations .",The NATO has 16 members .,"alluding to greece 's proposal , and other differences within the alliance , albright said `` there are a variety of ideas '' among the diverse 19 nato member nations .",the nato has 16 members .,"nato_members_premise = 19
nato_members_hypothesis = 16

def entailment_or_neutral(nato_members_premise, nato_members_hypothesis):
    # the hypothesis talks about the number of NATO members, which is also mentioned in the premise
    # check if the number of NATO members in the hypothesis entails the one in the premise by checking if they are equal
    if nato_members_hypothesis == nato_members_premise:
        return True
    else:
        return None

print(entailment_or_neutral(nato_members_premise, nato_members_hypothesis))
"
86,neutral,,neutral,"Employers created 144,000 new payroll jobs in August as the unemployment rate dipped to 5.4 percent , a modest improvement over the 5.5 percent jobless rate in July , the Labor Department reported Friday .",The Labor Department said this sector has added nearly 1 of every 5 of the new jobs created during the last 12 months .,"employers created 144,000 new payroll jobs in august as the unemployment rate dipped to 5.4 percent , a modest improvement over the 5.5 percent jobless rate in july , the labor department reported friday .",the labor department said this sector has added nearly 1 of every 5 of the new jobs created during the last 12 months .,"total_jobs_created_premise = 144000
jobs_created_hypothesis = 1/5

def entailment_or_neutral(total_jobs_created_premise, jobs_created_hypothesis):
    # the hypothesis talks about the fraction of jobs created in a particular sector, which is not mentioned in the premise
    # the hypothesis cannot be entailed from the premise, since the number of jobs created in that particular sector is unknown.
    return None

print(entailment_or_neutral(total_jobs_created_premise, jobs_created_hypothesis))
"
83,neutral,,neutral,"New voters also are less likely to be Republicans ( 27 percent , compared with 36 percent of repeat voters ) and more apt to be liberals ( 28 percent vs. 17 percent ) .","Among likely voters in this survey , 36 percent are Democrats .","new voters also are less likely to be republicans ( 27 percent , compared with 36 percent of repeat voters ) and more apt to be liberals ( 28 percent vs. 17 percent ) .","among likely voters in this survey , 36 percent are democrats .","republicans_premise = 27
repeat_voters_premise = 36
liberals_premise = 28
democrats_hypothesis = 36

def entailment_or_neutral(republicans_premise, repeat_voters_premise, liberals_premise, democrats_hypothesis):
    # the hypothesis talks about the number of Democrats voters, which are not mentioned in the premise
    # the hypothesis cannot be entailed from the premise, since the number of Democrats is unknown
    return None

print(entailment_or_neutral(republicans_premise, repeat_voters_premise, liberals_premise, democrats_hypothesis))
"
131,neutral,,neutral,"This coalition took seven months to form , the longest deadlock in Dutch history . It occurred only after negotiations between the CDA and the PvdA failed , first over tax issues , then over the issue of abortion .",Three parties form a Dutch coalition government .,"this coalition took seven months to form , the longest deadlock in dutch history . it occurred only after negotiations between the cda and the pvda failed , first over tax issues , then over the issue of abortion .",three parties form a dutch coalition government .,"# there are no numerical quantities in the premise or hypothesis to compare

def entailment_or_neutral():
    # the hypothesis talks about the formation of a Dutch coalition government, which is also mentioned in the premise
    # however, there is no information in the premise about the number of parties involved in the coalition
    # the hypothesis cannot be entailed from the premise
    return None

print(entailment_or_neutral())
"
46,neutral,,neutral,"Prosecutions tended to be more aggressive and sentences tended to be longer for financial crimes with many victims and massive losses of money , as in the Minkow case .",Bilking a large number of people out of millions of dollars can lead to sentences that vary from ten to twenty years .,"prosecutions tended to be more aggressive and sentences tended to be longer for financial crimes with many victims and massive losses of money , as in the minkow case .",bilking a large number of people out of millions of dollars can lead to sentences that vary from ten to twenty years .,"min_sentence_hypothesis = 10
max_sentence_hypothesis = 20

def entailment_or_neutral(min_sentence_hypothesis, max_sentence_hypothesis):
    # The hypothesis talks about the range of sentences for large financial crimes, which is generally referenced in the premise.
    # However, the premise does not provide specific numeric details for the sentence range.
    # Hence, the hypothesis cannot be entailed from the premise.
    return None

print(entailment_or_neutral(min_sentence_hypothesis, max_sentence_hypothesis))
"
164,entailment,,entailment,"A U.S. soldier accused of participating in the rape of an Iraqi girl and then killing her and her family was sentenced to 90 years in jail on Thursday , media reports said .",A U.S. soldier was sentenced to 90 years in jail .,"a u.s. soldier accused of participating in the rape of an iraqi girl and then killing her and her family was sentenced to 90 years in jail on thursday , media reports said .",a u.s. soldier was sentenced to 90 years in jail .,"jail_term_premise = 90
jail_term_hypothesis = 90

def entailment_or_neutral(jail_term_premise, jail_term_hypothesis):
    # the hypothesis talks about the jail sentence of the U.S. soldier, which is also mentioned in the premise
    # check if the jail term in the hypothesis entails the one in the premise, by checking if they are equal
    if jail_term_hypothesis == jail_term_premise:
        return True
    else:
        return None

print(entailment_or_neutral(jail_term_premise, jail_term_hypothesis))
"
140,entailment,,entailment,"Out of the seven expeditions who were permitted to climb the 8586-meter high Mt . Kanchenjunga , only one climber from the United States succeeded .",Kanchenjunga is 8586 meters high .,"out of the seven expeditions who were permitted to climb the 8586-meter high mt . kanchenjunga , only one climber from the united states succeeded .",kanchenjunga is 8586 meters high .,"height_premise = 8586
height_hypothesis = 8586

def entailment_or_neutral(height_premise, height_hypothesis):
    # the hypothesis talks about the height of Kanchenjunga, which is also mentioned in the premise
    # check if the height in the hypothesis entails the one in the premise, by checking if they are equal
    if height_hypothesis == height_premise:
        return True
    else:
        return None

print(entailment_or_neutral(height_premise, height_hypothesis))
"
85,entailment,,entailment,"The average price of a gallon of gasoline has jumped a nickel over the past two weeks and is back near the record high set earlier this year , according to a national survey released Sunday .",Gas prices jumped 5 cents a gallon over the last two weeks .,"the average price of a gallon of gasoline has jumped a nickel over the past two weeks and is back near the record high set earlier this year , according to a national survey released sunday .",gas prices jumped 5 cents a gallon over the last two weeks .,"price_jump_premise = 0.05
price_jump_hypothesis = 0.05

def entailment_or_neutral(price_jump_premise, price_jump_hypothesis):
    # the hypothesis talks about the price jump of gasoline, which is also mentioned in the premise
    # check if the price jump in the hypothesis entails the one in the premise, by checking if they are equal
    if price_jump_hypothesis == price_jump_premise:
        return True
    else:
        return None

print(entailment_or_neutral(price_jump_premise, price_jump_hypothesis))
"
108,neutral,,neutral,"The deal comes some two weeks after a $ 16 billion deal was reached between AT & T and SBC , a top rival for Qwest .",The two firms sealed the deal despite what was thought to be a higher offer from rival US carrier Qwest .,"the deal comes some two weeks after a $ 16 billion deal was reached between at & t and sbc , a top rival for qwest .",the two firms sealed the deal despite what was thought to be a higher offer from rival us carrier qwest .,"deal_amount_premise = 16

def entailment_or_neutral(deal_amount_premise):
    # The hypothesis does not mention any quantitative details that can be compared with the premise
    # The hypothesis talks about the sealing of a deal, which is also mentioned in the premise
    # However, the details about the deal (such as the amount, the parties involved, etc.) are not mentioned in the hypothesis, so it cannot be entailed from the premise.
    return None

print(entailment_or_neutral(deal_amount_premise))
"
78,entailment,,entailment,"For the year , the Dow rose 3 percent , while the S & P 500 index added 9 percent .","For the year , the Dow gained 3 percent , the S & P rose 9 percent .","for the year , the dow rose 3 percent , while the s & p 500 index added 9 percent .","for the year , the dow gained 3 percent , the s & p rose 9 percent .","dow_increase_premise = 3
s_and_p_increase_premise = 9
dow_increase_hypothesis = 3
s_and_p_increase_hypothesis = 9

def entailment_or_neutral(dow_increase_premise, s_and_p_increase_premise, dow_increase_hypothesis, s_and_p_increase_hypothesis):
    # the hypothesis talks about the increases in the Dow and S & P, which are also mentioned in the premise
    # check if the increase percentages in the hypothesis entail those in the premise, by checking if they are equal
    if dow_increase_hypothesis == dow_increase_premise and s_and_p_increase_hypothesis == s_and_p_increase_premise:
        return True
    else:
        return None

print(entailment_or_neutral(dow_increase_premise, s_and_p_increase_premise, dow_increase_hypothesis, s_and_p_increase_hypothesis))
"
6,entailment,,entailment,"Dr. Felix Soto Toro ( born 1967 in Guaynabo , Puerto Rico ) , is an astronaut applicant and an Electrical Designs Engineer in NASA , who developed an electronic 3D measuring system .",Soto Toro invented a 3D measuring system .,"dr. felix soto toro ( born 1967 in guaynabo , puerto rico ) , is an astronaut applicant and an electrical designs engineer in nasa , who developed an electronic 3d measuring system .",soto toro invented a 3d measuring system .,"# There are no quantities in the premise or hypothesis

def entailment_or_neutral():
    # the hypothesis talks about Soto Toro inventing a 3D measuring system, which is also mentioned in the premise
    # therefore, the hypothesis is entailed by the premise
    return True

print(entailment_or_neutral())
"
80,entailment,,entailment,"That was up from 3 percent in 2003 and marked the best showing since 1999 , when the economy grew by 4.5 percent .","That was up from 3 % in 2003 and marked the best showing since 1999 , when the growth was 4.5 % .","that was up from 3 percent in 2003 and marked the best showing since 1999 , when the economy grew by 4.5 percent .","that was up from 3 % in 2003 and marked the best showing since 1999 , when the growth was 4.5 % .","growth_2003_premise = 3
growth_1999_premise = 4.5
growth_2003_hypothesis = 3
growth_1999_hypothesis = 4.5

def entailment_or_neutral(growth_2003_premise, growth_1999_premise, growth_2003_hypothesis, growth_1999_hypothesis):
    # the hypothesis talks about the same years and growth percentages as the premise
    # check if the growth percentages for both years in the hypothesis entail those in the premise, by checking if they are equal
    if growth_2003_hypothesis == growth_2003_premise and growth_1999_hypothesis == growth_1999_premise:
        return True
    else:
        return None

print(entailment_or_neutral(growth_2003_premise, growth_1999_premise, growth_2003_hypothesis, growth_1999_hypothesis))
"
158,neutral,,neutral,Clinical trials involve 240 patients in 10 centres with each patient questioned three times .,Clinical trials involve an average of 200 patients per trial .,clinical trials involve 240 patients in 10 centres with each patient questioned three times .,clinical trials involve an average of 200 patients per trial .,"total_patients_premise = 240
average_patients_hypothesis = 200

def entailment_or_neutral(total_patients_premise, average_patients_hypothesis):
    # the hypothesis talks about the average number of patients involved in a trial, 
    # but the premise does not provide information about the number of trials
    # therefore, we cannot conclude whether the hypothesis is entailed from the premise or not
    return None

print(entailment_or_neutral(total_patients_premise, average_patients_hypothesis))
"
36,entailment,,entailment,"An estimated 100,000 ethnic Slovaks , most of them living in the Czech Republic , have applied to relinquish their citizenship since Czechoslovakia broke into separate states .","100,000 Slovaks have applied to change citizenship .","an estimated 100,000 ethnic slovaks , most of them living in the czech republic , have applied to relinquish their citizenship since czechoslovakia broke into separate states .","100,000 slovaks have applied to change citizenship .","ethnic_slovaks_premise = 100000
ethnic_slovaks_hypothesis = 100000

def entailment_or_neutral(ethnic_slovaks_premise, ethnic_slovaks_hypothesis):
    # the hypothesis talks about the number of Slovaks who have applied to change citizenship, which is also mentioned in the premise
    # check if the number of Slovaks who have applied to change citizenship in the hypothesis entails the one in the premise, by checking if they are equal
    if ethnic_slovaks_hypothesis == ethnic_slovaks_premise:
        return True
    else:
        return None

print(entailment_or_neutral(ethnic_slovaks_premise, ethnic_slovaks_hypothesis))
"
28,neutral,,neutral,There were 12 original members of NATO at the time of its founding .,The NATO has 16 members .,there were 12 original members of nato at the time of its founding .,the nato has 16 members .,"original_members_premise = 12
members_hypothesis = 16

def entailment_or_neutral(original_members_premise, members_hypothesis):
    # the hypothesis talks about the current number of NATO members, which is not mentioned in the premise
    # the hypothesis cannot be entailed from the premise, since the current number of members is unknown
    return None

print(entailment_or_neutral(original_members_premise, members_hypothesis))
"
84,entailment,,entailment,"Even as both sides appeared to make conciliatory moves , 11 militants and six army soldiers were killed in a four-hour gun battle in Indian-administered Kashmir .",A gun battle killed 17 people in Indian-administered Kashmir .,"even as both sides appeared to make conciliatory moves , 11 militants and six army soldiers were killed in a four-hour gun battle in indian-administered kashmir .",a gun battle killed 17 people in indian-administered kashmir .,"militants_killed_premise = 11
soldiers_killed_premise = 6
total_killed_hypothesis = 17

def entailment_or_neutral(militants_killed_premise, soldiers_killed_premise, total_killed_hypothesis):
    # the hypothesis talks about the total number of people killed in the gun battle, which should be the sum of the militants and soldiers killed in the premise
    # check if the sum of militants and soldiers killed in the premise entails the total number killed in the hypothesis, by checking if they are equal
    if militants_killed_premise + soldiers_killed_premise == total_killed_hypothesis:
        return True
    else:
        return None

print(entailment_or_neutral(militants_killed_premise, soldiers_killed_premise, total_killed_hypothesis))
"
146,neutral,,neutral,"Io is 2,236 miles ( 3,598 kilometers ) in diameter , slightly larger than the Earth 's moon .",The terrestrial moon has a diameter of 3746 kilometers .,"io is 2,236 miles ( 3,598 kilometers ) in diameter , slightly larger than the earth 's moon .",the terrestrial moon has a diameter of 3746 kilometers .,"diameter_io_miles_premise = 2236
diameter_io_km_premise = 3598
diameter_moon_km_hypothesis = 3746

def entailment_or_neutral(diameter_io_miles_premise, diameter_io_km_premise, diameter_moon_km_hypothesis):
    # the hypothesis talks about the diameter of the Earth's moon, which is not explicitly mentioned in the premise
    # however, we know that Io (a moon) is slightly larger than Earth's moon, which means that Earth's moon is slightly smaller than Io
    # check if the diameter of the Earth's moon in the hypothesis is less than the diameter of Io in the premise
    if diameter_moon_km_hypothesis < diameter_io_km_premise:
        return True
    else:
        return None

print(entailment_or_neutral(diameter_io_miles_premise, diameter_io_km_premise, diameter_moon_km_hypothesis))
"
113,neutral,,neutral,"Take consumer products giant Procter and Gamble . Even with a $ 1.8 billion Research and Development budget , it still manages 500 active partnerships each year , many of them with small companies .",500 small companies are partners of Procter and Gamble .,"take consumer products giant procter and gamble . even with a $ 1.8 billion research and development budget , it still manages 500 active partnerships each year , many of them with small companies .",500 small companies are partners of procter and gamble .,"rd_budget_premise = 1.8e9
partnerships_premise = 500
partnerships_hypothesis = 500

def entailment_or_neutral(rd_budget_premise, partnerships_premise, partnerships_hypothesis):
    # the hypothesis talks about the number of partnerships, which are also mentioned in the premise
    # but the premise doesn't specify that all partnerships are with small companies, so the hypothesis can't be directly entailed from the premise.
    return None

print(entailment_or_neutral(rd_budget_premise, partnerships_premise, partnerships_hypothesis))
"
117,neutral,,neutral,He said that `` there is evidence that Cristiani was involved in the murder of the six Jesuit priests '' which occurred on 16 November in San Salvador .,Cristiani killed six Jesuits .,he said that `` there is evidence that cristiani was involved in the murder of the six jesuit priests '' which occurred on 16 november in san salvador .,cristiani killed six jesuits .,"jesuits_murdered_premise = 6
jesuits_killed_hypothesis = 6

def entailment_or_neutral(jesuits_murdered_premise, jesuits_killed_hypothesis):
    # the hypothesis talks about Cristiani killing the Jesuits, while the premise only mentions Cristiani was involved in the murder 
    # the hypothesis cannot be entailed from the premise, since Cristiani's exact role in the murder is not known
    return None

print(entailment_or_neutral(jesuits_murdered_premise, jesuits_killed_hypothesis))
"
34,entailment,,entailment,"Fourteen European countries with about 5 % of the world 's population have reached zero population growth and Japan , France and Finland are , among others , headed in that direction .",Japan is headed toward zero population growth .,"fourteen european countries with about 5 % of the world 's population have reached zero population growth and japan , france and finland are , among others , headed in that direction .",japan is headed toward zero population growth .,"countries_reached_zero_growth_premise = 14
world_pop_percentage_premise = 5
countries_heading_towards_zero_growth_premise = ['Japan', 'France', 'Finland']

def entailment_or_neutral(countries_reached_zero_growth_premise, world_pop_percentage_premise, countries_heading_towards_zero_growth_premise):
    # the hypothesis talks about Japan heading towards zero population growth, which is also mentioned in the premise
    # check if Japan is listed in the premise as one of the countries heading towards zero population growth
    if 'Japan' in countries_heading_towards_zero_growth_premise:
        return True
    else:
        return None

print(entailment_or_neutral(countries_reached_zero_growth_premise, world_pop_percentage_premise, countries_heading_towards_zero_growth_premise))
"
64,entailment,,entailment,"In Rwanda there were on average 8,000 victims per day for about 100 days .","There were 800,000 victims of the massacres in Rwanda .","in rwanda there were on average 8,000 victims per day for about 100 days .","there were 800,000 victims of the massacres in rwanda .","avg_victims_per_day_premise = 8000
days_premise = 100
total_victims_hypothesis = 800000

def entailment_or_neutral(avg_victims_per_day_premise, days_premise, total_victims_hypothesis):
    # the hypothesis talks about the total number of victims, which is inferred from the premise
    # check if the total number of victims in the hypothesis entails the one in the premise, by checking if they are equal
    if avg_victims_per_day_premise * days_premise == total_victims_hypothesis:
        return True
    else:
        return None

print(entailment_or_neutral(avg_victims_per_day_premise, days_premise, total_victims_hypothesis))
"
62,entailment,,entailment,"For sailors , the lighthouse of Alexandria ensured a safe return to the Great Harbor ; for architects , it was the tallest building on Earth ; and for scientists , it was the mysterious mirror that fascinated them most : its reflection could be seen more than 50 km ( 35 miles ) off-shore . For all these reasons , the lighthouse was considered one of the Seven Wonders of the world .",The lighthouse of Alexandria was one of the seven wonders of the world .,"for sailors , the lighthouse of alexandria ensured a safe return to the great harbor ; for architects , it was the tallest building on earth ; and for scientists , it was the mysterious mirror that fascinated them most : its reflection could be seen more than 50 km ( 35 miles ) off-shore . for all these reasons , the lighthouse was considered one of the seven wonders of the world .",the lighthouse of alexandria was one of the seven wonders of the world .,"wonders_premise = 7
wonders_hypothesis = 7

def entailment_or_neutral(wonders_premise, wonders_hypothesis):
    # the hypothesis talks about the lighthouse of Alexandria being one of the seven wonders of the world, 
    # which is also mentioned in the premise, hence the values are equal
    if wonders_hypothesis == wonders_premise:
        return True
    else:
        return None

print(entailment_or_neutral(wonders_premise, wonders_hypothesis))
"
49,entailment,,entailment,A Los Angeles federal court judge Monday imposed a 15-year prison sentence on David A. Feldman of Palos Verdes .,A Los Angeles federal judge imposed a 15-year prison sentence on David A. Feldman .,a los angeles federal court judge monday imposed a 15-year prison sentence on david a. feldman of palos verdes .,a los angeles federal judge imposed a 15-year prison sentence on david a. feldman .,"prison_sentence_premise = 15
prison_sentence_hypothesis = 15

def entailment_or_neutral(prison_sentence_premise, prison_sentence_hypothesis):
    # the hypothesis talks about the prison sentence of David, which is the same as the one mentioned in the premise
    # check if the prison sentence in the hypothesis entails the one in the premise, by checking if they are equal
    if prison_sentence_hypothesis == prison_sentence_premise:
        return True
    else:
        return None

print(entailment_or_neutral(prison_sentence_premise, prison_sentence_hypothesis))
"
156,entailment,,entailment,"More than 6,400 migratory birds and other animals were killed in Nevada by drinking water in the cyanide-laced ponds produced by gold mining operations .",Animals have died by the thousands from drinking at cyanide-laced holding ponds .,"more than 6,400 migratory birds and other animals were killed in nevada by drinking water in the cyanide-laced ponds produced by gold mining operations .",animals have died by the thousands from drinking at cyanide-laced holding ponds .,"min_animals_killed_premise = 6400

def entailment_or_neutral(min_animals_killed_premise):
    # the hypothesis does not specify a number, but indicates it's in the thousands, so the minimum is 1000.
    min_animals_killed_hypothesis = 1000
    # check if the number of animals killed in the hypothesis entails the one in the premise, by checking if it's less or equal
    if min_animals_killed_hypothesis <= min_animals_killed_premise:
        return True
    else:
        return None

print(entailment_or_neutral(min_animals_killed_premise))
"
74,neutral,,neutral,"The European Council is made up of the Heads of State or Government of the fifteen Member States of the EU , the Foreign Ministers and the President of the Commission . It must not be confused with the Council of Europe , which is an international organisation , nor with the Council of the European Union .",There are 15 Member States in the Council of Europe .,"the european council is made up of the heads of state or government of the fifteen member states of the eu , the foreign ministers and the president of the commission . it must not be confused with the council of europe , which is an international organisation , nor with the council of the european union .",there are 15 member states in the council of europe .,"member_states_EC_premise = 15
member_states_CE_hypothesis = 15

def entailment_or_neutral(member_states_EC_premise, member_states_CE_hypothesis):
    # the hypothesis talks about the Council of Europe (CE), which is not the same as the European Council (EC) mentioned in the premise
    # the number of member states in CE cannot be entailed from the number of member states in EC, since they are different entities
    return None

print(entailment_or_neutral(member_states_EC_premise, member_states_CE_hypothesis))
"
157,entailment,,entailment,In one case five workers at a plating company were asphyxiated by hydrogen cyanide while trying to clean a sludge tank .,Cyanide fumes killed five workers cleaning one tank .,in one case five workers at a plating company were asphyxiated by hydrogen cyanide while trying to clean a sludge tank .,cyanide fumes killed five workers cleaning one tank .,"workers_killed_premise = 5
workers_killed_hypothesis = 5

def entailment_or_neutral(workers_killed_premise, workers_killed_hypothesis):
    # the hypothesis talks about the number of workers killed by cyanide, which is also mentioned in the premise
    # check if the number of workers killed in the hypothesis entails the one in the premise, by checking if they are equal
    if workers_killed_hypothesis == workers_killed_premise:
        return True
    else:
        return None

print(entailment_or_neutral(workers_killed_premise, workers_killed_hypothesis))
"
129,entailment,,entailment,"Last week , saw the fall of the Dutch right wing coalition government , made up of the Christian-democrats ( CDA ) led by Prime Minister Jan Peter Balkenende , the right wing liberal party ( VVD ) and the so-called left-liberal D66 .",Three parties form a Dutch coalition government .,"last week , saw the fall of the dutch right wing coalition government , made up of the christian-democrats ( cda ) led by prime minister jan peter balkenende , the right wing liberal party ( vvd ) and the so-called left-liberal d66 .",three parties form a dutch coalition government .,"parties_in_coalition_premise = 3
parties_in_coalition_hypothesis = 3

def entailment_or_neutral(parties_in_coalition_premise, parties_in_coalition_hypothesis):
    # the hypothesis talks about the number of parties in the Dutch coalition government, which are also mentioned in the premise
    # check if the number of parties in the hypothesis entails the one in the premise, by checking if they are equal
    if parties_in_coalition_hypothesis == parties_in_coalition_premise:
        return True
    else:
        return None

print(entailment_or_neutral(parties_in_coalition_premise, parties_in_coalition_hypothesis))
"
22,entailment,,entailment,"Two members of the 2000 Kanchenjunga Expedition of South Korea successfully scaled the 8,586m high Mt . Kanchenjunga via the south west face Friday , according to the Nepali Tourism Ministry .",Kanchenjunga is 8586 meters high .,"two members of the 2000 kanchenjunga expedition of south korea successfully scaled the 8,586m high mt . kanchenjunga via the south west face friday , according to the nepali tourism ministry .",kanchenjunga is 8586 meters high .,"height_kanchenjunga_premise = 8586
height_kanchenjunga_hypothesis = 8586

def entailment_or_neutral(height_kanchenjunga_premise, height_kanchenjunga_hypothesis):
    # the hypothesis talks about the height of Mt. Kanchenjunga, which is also mentioned in the premise
    # check if the height in the hypothesis entails the one in the premise, by checking if they are equal
    if height_kanchenjunga_hypothesis == height_kanchenjunga_premise:
        return True
    else:
        return None

print(entailment_or_neutral(height_kanchenjunga_premise, height_kanchenjunga_hypothesis))
"
23,neutral,,neutral,"The peak is 8,586 meters high .",Kanchenjunga is 8586 meters high .,"the peak is 8,586 meters high .",kanchenjunga is 8586 meters high .,"peak_height_premise = 8586
kanchenjunga_height_hypothesis = 8586

def entailment_or_neutral(peak_height_premise, kanchenjunga_height_hypothesis):
    # the hypothesis talks about the height of Kanchenjunga, which is not mentioned in the premise. 
    # The hypothesis cannot be entailed from the premise, since the name of the peak is unknown.
    return None

print(entailment_or_neutral(peak_height_premise, kanchenjunga_height_hypothesis))
"
163,entailment,,entailment,"In 2003 , Yunus brought the microcredit revolution to the streets of Bangladesh to support more than 50,000 beggars , whom the Grameen Bank respectfully calls Struggling Members .","Yunus supported more than 50,000 Struggling Members .","in 2003 , yunus brought the microcredit revolution to the streets of bangladesh to support more than 50,000 beggars , whom the grameen bank respectfully calls struggling members .","yunus supported more than 50,000 struggling members .","struggling_members_premise = 50000
struggling_members_hypothesis = 50000

def entailment_or_neutral(struggling_members_premise, struggling_members_hypothesis):
    # the hypothesis talks about the number of Struggling Members supported by Yunus, which is also mentioned in the premise
    # check if the number of Struggling Members in the hypothesis entails the one in the premise, by checking if they are equal
    if struggling_members_hypothesis == struggling_members_premise:
        return True
    else:
        return None

print(entailment_or_neutral(struggling_members_premise, struggling_members_hypothesis))
"
14,neutral,,neutral,"The same storm has caused more than 125,000 people to lose power near St. Louis , Missouri and power officials say that they are `` still losing people , '' said Springfield 's City Utilities spokesman , Ern DeCamp .","125,000 were killed by a storm .","the same storm has caused more than 125,000 people to lose power near st. louis , missouri and power officials say that they are `` still losing people , '' said springfield 's city utilities spokesman , ern decamp .","125,000 were killed by a storm .","people_affected_premise = 125000
people_killed_hypothesis = 125000

def entailment_or_neutral(people_affected_premise, people_killed_hypothesis):
    # the hypothesis talks about people killed by the storm, while the premise mentions people affected (losing power) by the storm
    # these two cannot be directly compared, thus the hypothesis cannot be entailed from the premise
    return None

print(entailment_or_neutral(people_affected_premise, people_killed_hypothesis))
"
43,entailment,,entailment,The Czech and Slovak republics have been unable to agree a political basis for their future coexistence in one country .,The Czech and Slovak republics do not agree to coexist in one country .,the czech and slovak republics have been unable to agree a political basis for their future coexistence in one country .,the czech and slovak republics do not agree to coexist in one country .,"def entailment_or_neutral():
    # Both premise and hypothesis mention the inability of the Czech and Slovak republics to agree on coexistence in one country
    # Thus, the information in the hypothesis is entailed in the premise. Hence, return True
    return True

print(entailment_or_neutral())
"
0,neutral,,neutral,In 1956 Accardo won the Geneva Competition and in 1958 became the first prize winner of the Paganini Competition in Genoa . He has recorded Paganini 's famous 24 Caprices ( re-recorded in 1999 ) for solo violin and was the first to record all six of the Paganini Violin Concertos .,Accardo composed 24 Caprices .,in 1956 accardo won the geneva competition and in 1958 became the first prize winner of the paganini competition in genoa . he has recorded paganini 's famous 24 caprices ( re-recorded in 1999 ) for solo violin and was the first to record all six of the paganini violin concertos .,accardo composed 24 caprices .,"caprices_premise = 24
caprices_hypothesis = 24

def entailment_or_neutral(caprices_premise, caprices_hypothesis):
    # the hypothesis talks about Accardo composing 24 caprices, however the premise says that he recorded 24 caprices. 
    # Recording and composing are two different things, hence the hypothesis cannot be entailed from the premise.
    return None

print(entailment_or_neutral(caprices_premise, caprices_hypothesis))
"
136,neutral,,neutral,"At the 1932 Olympic Games in Los Angeles , Didrikson won gold medals in the javelin ( Olympic record ) and 80-meter hurdles ( world record ) , along with a silver in the high jump ( share of the world record ) .","2,45 m is the world record in the high jump .","at the 1932 olympic games in los angeles , didrikson won gold medals in the javelin ( olympic record ) and 80-meter hurdles ( world record ) , along with a silver in the high jump ( share of the world record ) .","2,45 m is the world record in the high jump .","# No quantities are mentioned in the hypothesis or premise

def entailment_or_neutral():
    # The hypothesis mentions the world record for high jump, but this is not quantified in the premise
    # Therefore, the hypothesis cannot be entailed from the premise
    return None

print(entailment_or_neutral())
"
16,entailment,,entailment,There are no reports so far as to whether any relatives have claimed the bodies of the four military men who were reportedly killed when the plane crashed .,Four military men died in a plane crash .,there are no reports so far as to whether any relatives have claimed the bodies of the four military men who were reportedly killed when the plane crashed .,four military men died in a plane crash .,"military_men_dead_premise = 4
military_men_dead_hypothesis = 4

def entailment_or_neutral(military_men_dead_premise, military_men_dead_hypothesis):
    # the hypothesis talks about the number of military men died in the plane crash, which is also mentioned in the premise
    # check if the number of military men died in the hypothesis entails the one in the premise, by checking if they are equal
    if military_men_dead_hypothesis == military_men_dead_premise:
        return True
    else:
        return None

print(entailment_or_neutral(military_men_dead_premise, military_men_dead_hypothesis))
"
29,entailment,,entailment,The 16 NATO members and the 14 countries which used to form the rival Warsaw Pact agreed that there would be significantly less equipment permitted in the area of application in Europe than there was under the original treaty .,The NATO has 16 members .,the 16 nato members and the 14 countries which used to form the rival warsaw pact agreed that there would be significantly less equipment permitted in the area of application in europe than there was under the original treaty .,the nato has 16 members .,"nato_members_premise = 16
nato_members_hypothesis = 16

def entailment_or_neutral(nato_members_premise, nato_members_hypothesis):
    # the hypothesis talks about the number of NATO members, which is also mentioned in the premise
    # check if the number of NATO members in the hypothesis entails the one in the premise, by checking if they are equal
    if nato_members_hypothesis == nato_members_premise:
        return True
    else:
        return None

print(entailment_or_neutral(nato_members_premise, nato_members_hypothesis))
"
126,entailment,,entailment,"Violence over the last week killed 23 people , two worshippers dragged from a mosque and shot , underlining the challenges of bringing stability and strengthening Afghanistan 's fledgling democracy .",Two worshippers were killed in Afghanistan .,"violence over the last week killed 23 people , two worshippers dragged from a mosque and shot , underlining the challenges of bringing stability and strengthening afghanistan 's fledgling democracy .",two worshippers were killed in afghanistan .,"total_people_killed_premise = 23
worshippers_killed_premise = 2
worshippers_killed_hypothesis = 2

def entailment_or_neutral(total_people_killed_premise, worshippers_killed_premise, worshippers_killed_hypothesis):
    # the hypothesis talks about the number of worshippers killed, which are also mentioned in the premise
    # check if the number of worshippers killed in the hypothesis entails the one in the premise, by checking if they are equal
    if worshippers_killed_hypothesis == worshippers_killed_premise:
        return True
    else:
        return None

print(entailment_or_neutral(total_people_killed_premise, worshippers_killed_premise, worshippers_killed_hypothesis))
"
121,entailment,,entailment,"ASCAP is a membership association of more than 200,000 U.S. composers , songwriters , lyricists and music publishers of every kind of music .","More than 200,000 U.S. composers , songwriters , lyricists and music publishers are members of ASCAP .","ascap is a membership association of more than 200,000 u.s. composers , songwriters , lyricists and music publishers of every kind of music .","more than 200,000 u.s. composers , songwriters , lyricists and music publishers are members of ascap .","members_ASCAP_premise = 200000
members_ASCAP_hypothesis = 200000

def entailment_or_neutral(members_ASCAP_premise, members_ASCAP_hypothesis):
    # the hypothesis talks about the number of ASCAP members, which is also mentioned in the premise
    # check if the number of ASCAP members in the hypothesis entails the one in the premise, by checking if they are equal
    if members_ASCAP_hypothesis == members_ASCAP_premise:
        return True
    else:
        return None

print(entailment_or_neutral(members_ASCAP_premise, members_ASCAP_hypothesis))
"
72,neutral,,neutral,"Denmark was one of three countries , along with Sweden and Britain , that opted not to join the euro currency system in its initial phase when it was launched in January 1999 .",Sweden adopted the single European currency in 1999 .,"denmark was one of three countries , along with sweden and britain , that opted not to join the euro currency system in its initial phase when it was launched in january 1999 .",sweden adopted the single european currency in 1999 .,"adopted_euro_denmark_premise = False
adopted_euro_sweden_premise = False
adopted_euro_britain_premise = False
adopted_euro_sweden_hypothesis = True

def entailment_or_neutral(adopted_euro_denmark_premise, adopted_euro_sweden_premise, adopted_euro_britain_premise, adopted_euro_sweden_hypothesis):
    # the hypothesis talks about Sweden adopting the euro, which is also mentioned in the premise
    # check if the status of Sweden adopting the euro in the hypothesis entails the one in the premise, by checking if they are equal
    if adopted_euro_sweden_hypothesis == adopted_euro_sweden_premise:
        return True
    else:
        return None

print(entailment_or_neutral(adopted_euro_denmark_premise, adopted_euro_sweden_premise, adopted_euro_britain_premise, adopted_euro_sweden_hypothesis))
"
32,entailment,,entailment,The world 's population is set to reach a staggering 10bn by the middle of 21st century up from 5.7bn now .,The world population will probably reach over 10 billion in 2050 .,the world 's population is set to reach a staggering 10bn by the middle of 21st century up from 5.7bn now .,the world population will probably reach over 10 billion in 2050 .,"world_population_premise = 10
current_world_population = 5.7
world_population_hypothesis = 10

def entailment_or_neutral(world_population_premise, current_world_population, world_population_hypothesis):
    # the hypothesis talks about the world population reaching over 10 billion by 2050, which is in the middle of the 21st century
    # check if the world population in the hypothesis entails the one in the premise, by checking if they are equal
    if world_population_hypothesis == world_population_premise:
        return True
    else:
        return None

print(entailment_or_neutral(world_population_premise, current_world_population, world_population_hypothesis))
"
95,neutral,,neutral,"Temporary help firms added 32,000 and education and health care services gained 13,000 jobs last month .","Service industries such as education and health care added 46,000 jobs .","temporary help firms added 32,000 and education and health care services gained 13,000 jobs last month .","service industries such as education and health care added 46,000 jobs .","temp_help_jobs_premise = 32000
education_health_jobs_premise = 13000
service_jobs_hypothesis = 46000

def entailment_or_neutral(temp_help_jobs_premise, education_health_jobs_premise, service_jobs_hypothesis):
    # the hypothesis talks about service jobs, which includes both temporary help firms and education and health care services in the premise
    # add the jobs from both of these sectors from the premise and compare with the number in the hypothesis
    total_service_jobs_premise = temp_help_jobs_premise + education_health_jobs_premise
    if total_service_jobs_premise == service_jobs_hypothesis:
        return True
    else:
        return None

print(entailment_or_neutral(temp_help_jobs_premise, education_health_jobs_premise, service_jobs_hypothesis))
"
138,neutral,,neutral,"It is outstripped only by Denmark , the Netherlands , Belgium , Sweden , Finland and France , and thus ranks 7th in the 25-member European Union in terms of broadband Internet penetration .",12 members of the European Union use the Euro instead of their own national currencies .,"it is outstripped only by denmark , the netherlands , belgium , sweden , finland and france , and thus ranks 7th in the 25-member european union in terms of broadband internet penetration .",12 members of the european union use the euro instead of their own national currencies .,"rank_premise = 7
members_premise = 25
members_using_euro_hypothesis = 12

def entailment_or_neutral(rank_premise, members_premise, members_using_euro_hypothesis):
    # the hypothesis talks about the number of EU members using the Euro, which is not referenced in the premise
    # the hypothesis cannot be entailed from the premise, since the premise doesn't provide any information about the use of the Euro.
    return None

print(entailment_or_neutral(rank_premise, members_premise, members_using_euro_hypothesis))
"
75,entailment,,entailment,There are 360 million European citizens in 15 member states and yet we can not find just 20 men and women with the relevant professional competence and work experience to be commissioners .,There are 360 million European citizens .,there are 360 million european citizens in 15 member states and yet we can not find just 20 men and women with the relevant professional competence and work experience to be commissioners .,there are 360 million european citizens .,"citizens_premise = 360_000_000
citizens_hypothesis = 360_000_000

def entailment_or_neutral(citizens_premise, citizens_hypothesis):
    # the hypothesis talks about the number of European citizens, which is also mentioned in the premise
    # check if the number of citizens in the hypothesis entails the one in the premise, by checking if they are equal
    if citizens_hypothesis == citizens_premise:
        return True
    else:
        return None

print(entailment_or_neutral(citizens_premise, citizens_hypothesis))
"
73,entailment,,entailment,"From its original 12 member states , CERN has now grown to 20 , including a number of countries ( Bulgaria , Hungary , the Czech and Slovak republics , and Poland ) of the new Europe .",CERN has 20 member states .,"from its original 12 member states , cern has now grown to 20 , including a number of countries ( bulgaria , hungary , the czech and slovak republics , and poland ) of the new europe .",cern has 20 member states .,"original_member_states_premise = 12
current_member_states_premise = 20
current_member_states_hypothesis = 20

def entailment_or_neutral(original_member_states_premise, current_member_states_premise, current_member_states_hypothesis):
    # the hypothesis talks about the current number of member states of CERN, which is also mentioned in the premise
    # check if the current number of member states in the hypothesis entails the one in the premise, by checking if they are equal
    if current_member_states_hypothesis == current_member_states_premise:
        return True
    else:
        return None

print(entailment_or_neutral(original_member_states_premise, current_member_states_premise, current_member_states_hypothesis))
"
91,entailment,,entailment,"A report from UNAIDS , the Joint United Nations Program on HIV/AIDS , released on Tuesday , shows the number of adults and children living with HIV reached 39.4 million in 2004 .",There is an estimated 39.4 million people living with HIV .,"a report from unaids , the joint united nations program on hiv/aids , released on tuesday , shows the number of adults and children living with hiv reached 39.4 million in 2004 .",there is an estimated 39.4 million people living with hiv .,"people_with_hiv_premise = 39.4
people_with_hiv_hypothesis = 39.4

def entailment_or_neutral(people_with_hiv_premise, people_with_hiv_hypothesis):
    # the hypothesis talks about the number of people living with HIV, which is also mentioned in the premise
    # check if the number of people with HIV in the hypothesis entails the one in the premise, by checking if they are equal
    if people_with_hiv_hypothesis == people_with_hiv_premise:
        return True
    else:
        return None

print(entailment_or_neutral(people_with_hiv_premise, people_with_hiv_hypothesis))
"
68,entailment,,entailment,The first Barbie doll was sold for $ 3 .,The first Barbie cost 3 dollars .,the first barbie doll was sold for $ 3 .,the first barbie cost 3 dollars .,"price_premise = 3
price_hypothesis = 3

def entailment_or_neutral(price_premise, price_hypothesis):
    # the hypothesis talks about the price of the first Barbie, which is also mentioned in the premise
    # check if the price in the hypothesis entails the one in the premise, by checking if they are equal
    if price_hypothesis == price_premise:
        return True
    else:
        return None

print(entailment_or_neutral(price_premise, price_hypothesis))
"
67,neutral,,neutral,"This ( revised ) Convention shall enter into force six months after the date on which four States , including at least three member States of the Council of Europe , have expressed their consent to be bound by the ( revised ) Convention in accordance with the provisions of the preceding paragraphs .",The Council of Europe is made up by 3 member states .,"this ( revised ) convention shall enter into force six months after the date on which four states , including at least three member states of the council of europe , have expressed their consent to be bound by the ( revised ) convention in accordance with the provisions of the preceding paragraphs .",the council of europe is made up by 3 member states .,"min_member_states_premise = 3
member_states_hypothesis = 3

def entailment_or_neutral(min_member_states_premise, member_states_hypothesis):
    # the hypothesis talks about the total number of member states in the Council of Europe, while the premise 
    # talks about the minimum number of member states required to bind the revised convention. 
    # The hypothesis cannot be entailed from the premise, since the total number of member states is unknown.
    return None

print(entailment_or_neutral(min_member_states_premise, member_states_hypothesis))
"
76,neutral,,neutral,"Monday , when the hearings begin , the Palestinians will hold their demonstration during the same hours , and a 25-person counter-demonstration by Israelis and Jews will take place .",Israelis will demonstrate and a counter-demonstration of 25 Palestinians will be permitted as well .,"monday , when the hearings begin , the palestinians will hold their demonstration during the same hours , and a 25-person counter-demonstration by israelis and jews will take place .",israelis will demonstrate and a counter-demonstration of 25 palestinians will be permitted as well .,"counter_demonstration_premise = 25
counter_demonstration_hypothesis = 25

def entailment_or_neutral(counter_demonstration_premise, counter_demonstration_hypothesis):
    # the hypothesis talks about a counter demonstration of 25, which is also mentioned in the premise
    # however, the entities are switched: in the premise, Israelis and Jews are holding the counter-demonstration,
    # while in the hypothesis, Palestinians are holding it. Hence, the hypothesis cannot be entailed from the premise.
    return None

print(entailment_or_neutral(counter_demonstration_premise, counter_demonstration_hypothesis))
"
123,entailment,,entailment,"Take consumer products giant Procter and Gamble . Even with a $ 1.8 billion Research and Development budget , it still manages 500 active partnerships each year , many of them with small companies .",Procter and Gamble spends $ 1.8 billion for Research and Development .,"take consumer products giant procter and gamble . even with a $ 1.8 billion research and development budget , it still manages 500 active partnerships each year , many of them with small companies .",procter and gamble spends $ 1.8 billion for research and development .,"RnD_budget_premise = 1.8 # in billions
RnD_budget_hypothesis = 1.8 # in billions

def entailment_or_neutral(RnD_budget_premise, RnD_budget_hypothesis):
    # the hypothesis talks about the RnD budget of Procter and Gamble, which is also mentioned in the premise
    # check if the RnD budget in the hypothesis entails the one in the premise, by checking if they are equal
    if RnD_budget_hypothesis == RnD_budget_premise:
        return True
    else:
        return None

print(entailment_or_neutral(RnD_budget_premise, RnD_budget_hypothesis))
"
60,entailment,,entailment,"Specifically , the October 4 , 1994 earthquake ( as the October 12 , 1963 earthquake ) ocurred at the Pacific side boundary of the Kuril arc ( the South Kuril Islands ) of the Okhotsk plate .",An earthquake occurred in 1994 .,"specifically , the october 4 , 1994 earthquake ( as the october 12 , 1963 earthquake ) ocurred at the pacific side boundary of the kuril arc ( the south kuril islands ) of the okhotsk plate .",an earthquake occurred in 1994 .,"year_of_earthquake_premise = 1994
year_of_earthquake_hypothesis = 1994

def entailment_or_neutral(year_of_earthquake_premise, year_of_earthquake_hypothesis):
    # the hypothesis talks about the occurrence of an earthquake in 1994, which is also mentioned in the premise
    # check if the year of earthquake in the hypothesis entails the one in the premise, by checking if they are equal
    if year_of_earthquake_hypothesis == year_of_earthquake_premise:
        return True
    else:
        return None

print(entailment_or_neutral(year_of_earthquake_premise, year_of_earthquake_hypothesis))
"
116,entailment,,entailment,He said that `` there is evidence that Cristiani was involved in the murder of the six Jesuit priests '' which occurred on 16 November in San Salvador .,Cristiani is accused of the assassination of six Jesuits .,he said that `` there is evidence that cristiani was involved in the murder of the six jesuit priests '' which occurred on 16 november in san salvador .,cristiani is accused of the assassination of six jesuits .,"murdered_priests_premise = 6
murdered_priests_hypothesis = 6

def entailment_or_neutral(murdered_priests_premise, murdered_priests_hypothesis):
    # the hypothesis talks about the number of priests Cristiani is accused of murdering, which are also mentioned in the premise
    # check if the number of priests in the hypothesis entails the one in the premise, by checking if they are equal
    if murdered_priests_hypothesis == murdered_priests_premise:
        return True
    else:
        return None

print(entailment_or_neutral(murdered_priests_premise, murdered_priests_hypothesis))
"
38,entailment,,entailment,A federal judge sentenced an apparently stunned Michael Milken to 10 years in prison Wednesday after ruling that the crimes he pleaded guilty to were neither minor nor isolated .,Milken was given a 10-year sentence .,a federal judge sentenced an apparently stunned michael milken to 10 years in prison wednesday after ruling that the crimes he pleaded guilty to were neither minor nor isolated .,milken was given a 10-year sentence .,"sentence_years_premise = 10
sentence_years_hypothesis = 10

def entailment_or_neutral(sentence_years_premise, sentence_years_hypothesis):
    # the hypothesis talks about the length of Milken's sentence, which is also mentioned in the premise
    # check if the length of the sentence in the hypothesis entails the one in the premise, by checking if they are equal
    if sentence_years_hypothesis == sentence_years_premise:
        return True
    else:
        return None

print(entailment_or_neutral(sentence_years_premise, sentence_years_hypothesis))
"
127,entailment,,entailment,"GUS on Friday disposed of its remaining home shopping business and last non-UK retail operation with the % u20AC390m ( 265m ) sale of the Dutch home shopping company , Wehkamp , to Industri Kapital , a private equity firm .",Wehkamp cost % u20AC390m .,"gus on friday disposed of its remaining home shopping business and last non-uk retail operation with the % u20ac390m ( 265m ) sale of the dutch home shopping company , wehkamp , to industri kapital , a private equity firm .",wehkamp cost % u20ac390m .,"sale_price_premise = 390
sale_price_hypothesis = 390

def entailment_or_neutral(sale_price_premise, sale_price_hypothesis):
    # the hypothesis talks about the sale price of Wehkamp, which is also mentioned in the premise
    # check if the sale price in the hypothesis entails the one in the premise, by checking if they are equal
    if sale_price_hypothesis == sale_price_premise:
        return True
    else:
        return None

print(entailment_or_neutral(sale_price_premise, sale_price_hypothesis))
"
96,entailment,,entailment,"The death toll of a fire that roared through a packed Buenos Aires nightclub climbed on Friday to at least 175 , with more than 700 injured as young revellers stampeded to reach locked exit doors .",At least 174 had been killed and more than 410 people injured .,"the death toll of a fire that roared through a packed buenos aires nightclub climbed on friday to at least 175 , with more than 700 injured as young revellers stampeded to reach locked exit doors .",at least 174 had been killed and more than 410 people injured .,"min_deaths_premise = 175
min_injured_premise = 700
min_deaths_hypothesis = 174
min_injured_hypothesis = 410

def entailment_or_neutral(min_deaths_premise, min_injured_premise, min_deaths_hypothesis, min_injured_hypothesis):
    # the hypothesis refers to the number of deaths and injured people, which are also mentioned in the premise
    # check if the number of deaths and injuries in the hypothesis entail the ones in the premise
    if min_deaths_hypothesis >= min_deaths_premise or min_injured_hypothesis >= min_injured_premise:
        return None
    else:
        return True

print(entailment_or_neutral(min_deaths_premise, min_injured_premise, min_deaths_hypothesis, min_injured_hypothesis))
"
128,neutral,,neutral,"Elsewhere , Mozambique took its first ever Olympic gold medal when Maria Mutola won the women 's eight-hundred metres , while the men 's ten-thousand-metres went to the Ethiopian Haile Gebrselassie .",The women 's ten thousand metres champion is from Mozambique .,"elsewhere , mozambique took its first ever olympic gold medal when maria mutola won the women 's eight-hundred metres , while the men 's ten-thousand-metres went to the ethiopian haile gebrselassie .",the women 's ten thousand metres champion is from mozambique .,"women_mozambique_event_premise = 800
women_mozambique_event_hypothesis = 10000

def entailment_or_neutral(women_mozambique_event_premise, women_mozambique_event_hypothesis):
    # the hypothesis talks about the women's 10000 metres event, which is not the same as the one mentioned in the premise (800 metres)
    # The hypothesis cannot be entailed from the premise, since the winner of the women's 10000 metres event is unknown.
    return None

print(entailment_or_neutral(women_mozambique_event_premise, women_mozambique_event_hypothesis))
"
148,entailment,,entailment,"Foreign Ministers of the 16 NATO member countries met early this morning with their Russian counterpart , Yevgeny Primakov , in Berlin in a bid to improve NATO-Russia relations .",The NATO has 16 members .,"foreign ministers of the 16 nato member countries met early this morning with their russian counterpart , yevgeny primakov , in berlin in a bid to improve nato-russia relations .",the nato has 16 members .,"nato_members_premise = 16
nato_members_hypothesis = 16

def entailment_or_neutral(nato_members_premise, nato_members_hypothesis):
    # the hypothesis talks about the number of NATO members, which is also mentioned in the premise
    # check if the number of NATO members in the hypothesis entails the one in the premise, by checking if they are equal
    if nato_members_hypothesis == nato_members_premise:
        return True
    else:
        return None

print(entailment_or_neutral(nato_members_premise, nato_members_hypothesis))
"
90,neutral,,neutral,"Quarterback Donovan McNabb was every bit Quarterback Tom Brady 's equal for 48 passes Sunday night , throwing for 357 yards and three touchdowns in his Super Bowl debut for the Philadelphia Eagles .",McNabb 's 357 yards were the best postseason game of his career .,"quarterback donovan mcnabb was every bit quarterback tom brady 's equal for 48 passes sunday night , throwing for 357 yards and three touchdowns in his super bowl debut for the philadelphia eagles .",mcnabb 's 357 yards were the best postseason game of his career .,"passes_premise = 48
yards_premise = 357
touchdowns_premise = 3
yards_hypothesis = 357

def entailment_or_neutral(passes_premise, yards_premise, touchdowns_premise, yards_hypothesis):
    # the hypothesis talks about the yards McNabb threw in a postseason game, which is also mentioned in the premise
    # However, the hypothesis claims it was the best postseason game of his career - information that cannot be entailed from the premise
    return None

print(entailment_or_neutral(passes_premise, yards_premise, touchdowns_premise, yards_hypothesis))
"
24,neutral,,neutral,"Nearly seven meters in height , Cassini will be carrying 12 separate packages of scientific instruments , as well as a probe , carrying six more bundles of sensors , which is to be dropped on to Titan , Saturn 's largest moon .",The moon Titan has a diameter of 5100 kilometers .,"nearly seven meters in height , cassini will be carrying 12 separate packages of scientific instruments , as well as a probe , carrying six more bundles of sensors , which is to be dropped on to titan , saturn 's largest moon .",the moon titan has a diameter of 5100 kilometers .,"# The premise does not provide any information about the diameter of Titan, hence the hypothesis cannot be entailed from the premise

def entailment_or_neutral():
    return None

print(entailment_or_neutral())
"
160,entailment,,entailment,"Iranian nuclear officials say 54,000 centrifuges would produce enough enriched uranium to fuel a 1,000-megawatt reactor , such as the one being built by Russia that is near completion at the southern city of Bushehr .","54,000 centrifuges would produce enough enriched uranium to fuel a 1,000-megawatt reactor .","iranian nuclear officials say 54,000 centrifuges would produce enough enriched uranium to fuel a 1,000-megawatt reactor , such as the one being built by russia that is near completion at the southern city of bushehr .","54,000 centrifuges would produce enough enriched uranium to fuel a 1,000-megawatt reactor .","centrifuges_premise = 54000
reactor_power_premise = 1000
centrifuges_hypothesis = 54000
reactor_power_hypothesis = 1000

def entailment_or_neutral(centrifuges_premise, reactor_power_premise, centrifuges_hypothesis, reactor_power_hypothesis):
    # the hypothesis talks about the number of centrifuges and the reactor power, which are also mentioned in the premise
    # check if the number of centrifuges and the reactor power in the hypothesis entails those in the premise, by checking if they are equal
    if centrifuges_hypothesis == centrifuges_premise and reactor_power_hypothesis == reactor_power_premise:
        return True
    else:
        return None

print(entailment_or_neutral(centrifuges_premise, reactor_power_premise, centrifuges_hypothesis, reactor_power_hypothesis))
"
56,neutral,,neutral,Two persons were injured in dynamite attacks perpetrated this evening against two bank branches in this Northwestern Colombian city .,Two persons perpetrated dynamite attacks in a Northwestern Colombian city .,two persons were injured in dynamite attacks perpetrated this evening against two bank branches in this northwestern colombian city .,two persons perpetrated dynamite attacks in a northwestern colombian city .,"injured_persons_premise = 2
perpetrators_hypothesis = 2

def entailment_or_neutral(injured_persons_premise, perpetrators_hypothesis):
    # the hypothesis talks about the number of persons who perpetrated the dynamite attacks, which is not mentioned in the premise
    # Therefore, we can't determine if the hypothesis entails the premise and return None for neutrality
    return None

print(entailment_or_neutral(injured_persons_premise, perpetrators_hypothesis))
"
69,neutral,,neutral,"Due to these effects , a person who has consumed a high amount of alcohol in a short amount of time will undoubtedly have difficulty driving . Each year , more than 10,000 people ages 16 - 25 die as the result of alcohol use and half of those deaths result from crashes caused by alcohol-impaired driving .",Half of road-traffic deaths are caused by alcohol .,"due to these effects , a person who has consumed a high amount of alcohol in a short amount of time will undoubtedly have difficulty driving . each year , more than 10,000 people ages 16 - 25 die as the result of alcohol use and half of those deaths result from crashes caused by alcohol-impaired driving .",half of road-traffic deaths are caused by alcohol .,"total_deaths_premise = 10000
alcohol_impaired_driving_deaths_premise = total_deaths_premise / 2

def entailment_or_neutral(total_deaths_premise, alcohol_impaired_driving_deaths_premise):
    # the hypothesis talks about all road-traffic deaths, while the premise only provides information for the age group 16-25
    # hence we cannot conclude anything about the entire population from the provided premise.
    return None

print(entailment_or_neutral(total_deaths_premise, alcohol_impaired_driving_deaths_premise))
"
137,neutral,,neutral,"Beamon 's jump was a world record that eclipsed the previous record by 21 3/4 inches . The jump still stands as an Olympic record , and stood as a world record until Mike Powell leapt 29 ' 4 1/2 '' at the 1991 World Championships in Tokyo .","2,45 m is the world record in the high jump .","beamon 's jump was a world record that eclipsed the previous record by 21 3/4 inches . the jump still stands as an olympic record , and stood as a world record until mike powell leapt 29 ' 4 1/2 '' at the 1991 world championships in tokyo .","2,45 m is the world record in the high jump .","# The premise and hypothesis are talking about different types of jumps (long jump vs high jump).
# No quantitative comparison can be made, so the relation is neutral.

def entailment_or_neutral():
    return None

print(entailment_or_neutral())
"
132,entailment,,entailment,"More than a decade ago , Carl Lewis stood on the threshold of what was to become the greatest athletics career in history . He had just broken two of the legendary Jesse Owens ' college records , but never believed he would become a corporate icon , the focus of hundreds of millions of dollars in advertising . His sport was still nominally amateur . Eighteen Olympic and World Championship gold medals and 21 world records later , Lewis has become the richest man in the history of track and field -- a multi-millionaire .",Carl Lewis won eighteen gold medals and set 21 world records .,"more than a decade ago , carl lewis stood on the threshold of what was to become the greatest athletics career in history . he had just broken two of the legendary jesse owens ' college records , but never believed he would become a corporate icon , the focus of hundreds of millions of dollars in advertising . his sport was still nominally amateur . eighteen olympic and world championship gold medals and 21 world records later , lewis has become the richest man in the history of track and field -- a multi-millionaire .",carl lewis won eighteen gold medals and set 21 world records .,"gold_medals_premise = 18
world_records_premise = 21
gold_medals_hypothesis = 18
world_records_hypothesis = 21

def entailment_or_neutral(gold_medals_premise, world_records_premise, gold_medals_hypothesis, world_records_hypothesis):
    # the hypothesis talks about the number of gold medals and world records set by Carl Lewis, which are also mentioned in the premise
    # check if the number of gold medals and world records in the hypothesis entails the ones in the premise, by checking if they are equal
    if gold_medals_hypothesis == gold_medals_premise and world_records_hypothesis == world_records_premise:
        return True
    else:
        return None

print(entailment_or_neutral(gold_medals_premise, world_records_premise, gold_medals_hypothesis, world_records_hypothesis))
"
9,entailment,,entailment,Rival generic drug maker Mylan Laboratories Inc. reported revenue of $ 1.3 billion for fiscal 2005 .,Mylan Laboratories Inc. earned $ 1.3 billion in fiscal year 2005 .,rival generic drug maker mylan laboratories inc. reported revenue of $ 1.3 billion for fiscal 2005 .,mylan laboratories inc. earned $ 1.3 billion in fiscal year 2005 .,"revenue_premise = 1.3
revenue_hypothesis = 1.3

def entailment_or_neutral(revenue_premise, revenue_hypothesis):
    # the hypothesis talks about the revenue of Mylan Laboratories Inc. in 2005, which is also mentioned in the premise
    # check if the revenue in the hypothesis entails the one in the premise, by checking if they are equal
    if revenue_hypothesis == revenue_premise:
        return True
    else:
        return None

print(entailment_or_neutral(revenue_premise, revenue_hypothesis))
"
35,neutral,,neutral,Argentina and Britain announced an agreement Thursday to restore full diplomatic ties nearly eight years after they fought a 74 day war over the Falkland Islands a sparsely populated archipelago off Argentina coast in the South Atlantic Ocean .,Full diplomatic relations between Argentina and Britain were re-established after 74 days .,argentina and britain announced an agreement thursday to restore full diplomatic ties nearly eight years after they fought a 74 day war over the falkland islands a sparsely populated archipelago off argentina coast in the south atlantic ocean .,full diplomatic relations between argentina and britain were re-established after 74 days .,"war_duration_days_premise = 74
restoration_time_hypothesis = 74

def entailment_or_neutral(war_duration_days_premise, restoration_time_hypothesis):
    # the hypothesis talks about the time it took to restore diplomatic relations, which is not mentioned in the premise
    # the premise talks about the duration of the war, which is incorrectly referred to as the restoration time in the hypothesis
    # hence, the hypothesis cannot be entailed from the premise
    return None

print(entailment_or_neutral(war_duration_days_premise, restoration_time_hypothesis))
"
125,entailment,,entailment,"Tom Online revenues for the three months ended June 30 , 2005 were US $ 42.78 mn , an increase of 38.5 % over the same period in 2004 .",Tom Online earned US $ 42.78 mn in three months .,"tom online revenues for the three months ended june 30 , 2005 were us $ 42.78 mn , an increase of 38.5 % over the same period in 2004 .",tom online earned us $ 42.78 mn in three months .,"revenue_premise = 42.78
revenue_hypothesis = 42.78

def entailment_or_neutral(revenue_premise, revenue_hypothesis):
    # the hypothesis talks about the revenue of Tom Online in three months, which is also mentioned in the premise
    # check if the revenue in the hypothesis entails the one in the premise, by checking if they are equal
    if revenue_hypothesis == revenue_premise:
        return True
    else:
        return None

print(entailment_or_neutral(revenue_premise, revenue_hypothesis))
"
