readability,document_size,redundancy_check,function_size,resolutions,sample_index
100.0,36.0,88.89,50.0,"['\x1b[36mExtremely large documents may deter people from reading, very small document may be wasteful.\x1b[0m', '\x1b[36mKeep functions small. Large functions get unmanageable over time.\x1b[0m']",108
100.0,40.0,90.0,50.0,"['\x1b[36mExtremely large documents may deter people from reading, very small document may be wasteful.\x1b[0m', '\x1b[36mKeep functions small. Large functions get unmanageable over time.\x1b[0m']",118
83.33,48.0,91.67,50.0,"['\x1b[36mExtremely large documents may deter people from reading, very small document may be wasteful.\x1b[0m', '\x1b[36mKeep functions small. Large functions get unmanageable over time.\x1b[0m']",99
100.0,40.0,90.0,50.0,"['\x1b[36mExtremely large documents may deter people from reading, very small document may be wasteful.\x1b[0m', '\x1b[36mKeep functions small. Large functions get unmanageable over time.\x1b[0m']",138
100.0,36.0,88.89,50.0,"['\x1b[36mExtremely large documents may deter people from reading, very small document may be wasteful.\x1b[0m', '\x1b[36mKeep functions small. Large functions get unmanageable over time.\x1b[0m']",128
83.33,48.0,91.67,50.0,"['\x1b[36mExtremely large documents may deter people from reading, very small document may be wasteful.\x1b[0m', '\x1b[36mKeep functions small. Large functions get unmanageable over time.\x1b[0m']",139
83.33,48.0,91.67,50.0,"['\x1b[36mExtremely large documents may deter people from reading, very small document may be wasteful.\x1b[0m', '\x1b[36mKeep functions small. Large functions get unmanageable over time.\x1b[0m']",129
100.0,44.0,90.91,50.0,"['\x1b[36mExtremely large documents may deter people from reading, very small document may be wasteful.\x1b[0m', '\x1b[36mKeep functions small. Large functions get unmanageable over time.\x1b[0m']",119
100.0,44.0,90.91,50.0,"['\x1b[36mExtremely large documents may deter people from reading, very small document may be wasteful.\x1b[0m', '\x1b[36mKeep functions small. Large functions get unmanageable over time.\x1b[0m']",7
100.0,44.0,81.82,50.0,"['\x1b[36mExtremely large documents may deter people from reading, very small document may be wasteful.\x1b[0m', '\x1b[36mKeep functions small. Large functions get unmanageable over time.\x1b[0m']",153
83.33,48.0,91.67,50.0,"['\x1b[36mExtremely large documents may deter people from reading, very small document may be wasteful.\x1b[0m', '\x1b[36mKeep functions small. Large functions get unmanageable over time.\x1b[0m']",44
83.33,48.0,91.67,50.0,"['\x1b[36mExtremely large documents may deter people from reading, very small document may be wasteful.\x1b[0m', '\x1b[36mKeep functions small. Large functions get unmanageable over time.\x1b[0m']",21
90.91,44.0,90.91,50.0,"['\x1b[36mExtremely large documents may deter people from reading, very small document may be wasteful.\x1b[0m', '\x1b[36mKeep functions small. Large functions get unmanageable over time.\x1b[0m']",83
83.33,48.0,91.67,50.0,"['\x1b[36mExtremely large documents may deter people from reading, very small document may be wasteful.\x1b[0m', '\x1b[36mKeep functions small. Large functions get unmanageable over time.\x1b[0m']",60
83.33,48.0,91.67,50.0,"['\x1b[36mExtremely large documents may deter people from reading, very small document may be wasteful.\x1b[0m', '\x1b[36mKeep functions small. Large functions get unmanageable over time.\x1b[0m']",54
100.0,36.0,88.89,50.0,"['\x1b[36mExtremely large documents may deter people from reading, very small document may be wasteful.\x1b[0m', '\x1b[36mKeep functions small. Large functions get unmanageable over time.\x1b[0m']",143
76.92,52.0,92.31,50.0,"['\x1b[36mExtremely large documents may deter people from reading, very small document may be wasteful.\x1b[0m', '\x1b[36mKeep functions small. Large functions get unmanageable over time.\x1b[0m']",126
83.33,48.0,91.67,50.0,"['\x1b[36mExtremely large documents may deter people from reading, very small document may be wasteful.\x1b[0m', '\x1b[36mKeep functions small. Large functions get unmanageable over time.\x1b[0m']",106
83.33,48.0,91.67,50.0,"['\x1b[36mExtremely large documents may deter people from reading, very small document may be wasteful.\x1b[0m', '\x1b[36mKeep functions small. Large functions get unmanageable over time.\x1b[0m']",163
71.43,56.0,92.86,50.0,"['\x1b[36mExtremely large documents may deter people from reading, very small document may be wasteful.\x1b[0m', '\x1b[36mKeep functions small. Large functions get unmanageable over time.\x1b[0m']",132
100.0,36.0,88.89,50.0,"['\x1b[36mExtremely large documents may deter people from reading, very small document may be wasteful.\x1b[0m', '\x1b[36mKeep functions small. Large functions get unmanageable over time.\x1b[0m']",25
100.0,36.0,88.89,50.0,"['\x1b[36mExtremely large documents may deter people from reading, very small document may be wasteful.\x1b[0m', '\x1b[36mKeep functions small. Large functions get unmanageable over time.\x1b[0m']",74
76.92,52.0,92.31,50.0,"['\x1b[36mExtremely large documents may deter people from reading, very small document may be wasteful.\x1b[0m', '\x1b[36mKeep functions small. Large functions get unmanageable over time.\x1b[0m']",40
83.33,48.0,91.67,50.0,"['\x1b[36mExtremely large documents may deter people from reading, very small document may be wasteful.\x1b[0m', '\x1b[36mKeep functions small. Large functions get unmanageable over time.\x1b[0m']",8
83.33,48.0,91.67,50.0,"['\x1b[36mExtremely large documents may deter people from reading, very small document may be wasteful.\x1b[0m', '\x1b[36mKeep functions small. Large functions get unmanageable over time.\x1b[0m']",97
76.92,52.0,92.31,50.0,"['\x1b[36mExtremely large documents may deter people from reading, very small document may be wasteful.\x1b[0m', '\x1b[36mKeep functions small. Large functions get unmanageable over time.\x1b[0m']",64
83.33,48.0,91.67,50.0,"['\x1b[36mExtremely large documents may deter people from reading, very small document may be wasteful.\x1b[0m', '\x1b[36mKeep functions small. Large functions get unmanageable over time.\x1b[0m']",147
83.33,48.0,91.67,50.0,"['\x1b[36mExtremely large documents may deter people from reading, very small document may be wasteful.\x1b[0m', '\x1b[36mKeep functions small. Large functions get unmanageable over time.\x1b[0m']",116
83.33,48.0,91.67,50.0,"['\x1b[36mExtremely large documents may deter people from reading, very small document may be wasteful.\x1b[0m', '\x1b[36mKeep functions small. Large functions get unmanageable over time.\x1b[0m']",156
83.33,48.0,91.67,50.0,"['\x1b[36mExtremely large documents may deter people from reading, very small document may be wasteful.\x1b[0m', '\x1b[36mKeep functions small. Large functions get unmanageable over time.\x1b[0m']",133
83.33,24.0,83.33,50.0,"['\x1b[36mExtremely large documents may deter people from reading, very small document may be wasteful.\x1b[0m', '\x1b[36mKeep functions small. Large functions get unmanageable over time.\x1b[0m']",24
83.33,48.0,91.67,50.0,"['\x1b[36mExtremely large documents may deter people from reading, very small document may be wasteful.\x1b[0m', '\x1b[36mKeep functions small. Large functions get unmanageable over time.\x1b[0m']",75
100.0,36.0,88.89,50.0,"['\x1b[36mExtremely large documents may deter people from reading, very small document may be wasteful.\x1b[0m', '\x1b[36mKeep functions small. Large functions get unmanageable over time.\x1b[0m']",86
71.43,56.0,92.86,50.0,"['\x1b[36mExtremely large documents may deter people from reading, very small document may be wasteful.\x1b[0m', '\x1b[36mKeep functions small. Large functions get unmanageable over time.\x1b[0m']",41
83.33,48.0,91.67,50.0,"['\x1b[36mExtremely large documents may deter people from reading, very small document may be wasteful.\x1b[0m', '\x1b[36mKeep functions small. Large functions get unmanageable over time.\x1b[0m']",10
83.33,48.0,91.67,50.0,"['\x1b[36mExtremely large documents may deter people from reading, very small document may be wasteful.\x1b[0m', '\x1b[36mKeep functions small. Large functions get unmanageable over time.\x1b[0m']",9
100.0,40.0,90.0,50.0,"['\x1b[36mExtremely large documents may deter people from reading, very small document may be wasteful.\x1b[0m', '\x1b[36mKeep functions small. Large functions get unmanageable over time.\x1b[0m']",51
71.43,56.0,92.86,50.0,"['\x1b[36mExtremely large documents may deter people from reading, very small document may be wasteful.\x1b[0m', '\x1b[36mKeep functions small. Large functions get unmanageable over time.\x1b[0m']",96
83.33,48.0,91.67,50.0,"['\x1b[36mExtremely large documents may deter people from reading, very small document may be wasteful.\x1b[0m', '\x1b[36mKeep functions small. Large functions get unmanageable over time.\x1b[0m']",123
100.0,56.0,92.86,50.0,"['\x1b[36mExtremely large documents may deter people from reading, very small document may be wasteful.\x1b[0m', '\x1b[36mKeep functions small. Large functions get unmanageable over time.\x1b[0m']",146
100.0,28.0,85.71,50.0,"['\x1b[36mExtremely large documents may deter people from reading, very small document may be wasteful.\x1b[0m', '\x1b[36mKeep functions small. Large functions get unmanageable over time.\x1b[0m']",137
100.0,36.0,88.89,50.0,"['\x1b[36mExtremely large documents may deter people from reading, very small document may be wasteful.\x1b[0m', '\x1b[36mKeep functions small. Large functions get unmanageable over time.\x1b[0m']",152
100.0,36.0,88.89,50.0,"['\x1b[36mExtremely large documents may deter people from reading, very small document may be wasteful.\x1b[0m', '\x1b[36mKeep functions small. Large functions get unmanageable over time.\x1b[0m']",14
83.33,48.0,91.67,50.0,"['\x1b[36mExtremely large documents may deter people from reading, very small document may be wasteful.\x1b[0m', '\x1b[36mKeep functions small. Large functions get unmanageable over time.\x1b[0m']",45
100.0,36.0,88.89,50.0,"['\x1b[36mExtremely large documents may deter people from reading, very small document may be wasteful.\x1b[0m', '\x1b[36mKeep functions small. Large functions get unmanageable over time.\x1b[0m']",71
83.33,48.0,91.67,50.0,"['\x1b[36mExtremely large documents may deter people from reading, very small document may be wasteful.\x1b[0m', '\x1b[36mKeep functions small. Large functions get unmanageable over time.\x1b[0m']",20
83.33,48.0,91.67,50.0,"['\x1b[36mExtremely large documents may deter people from reading, very small document may be wasteful.\x1b[0m', '\x1b[36mKeep functions small. Large functions get unmanageable over time.\x1b[0m']",92
83.33,48.0,91.67,50.0,"['\x1b[36mExtremely large documents may deter people from reading, very small document may be wasteful.\x1b[0m', '\x1b[36mKeep functions small. Large functions get unmanageable over time.\x1b[0m']",30
83.33,48.0,91.67,50.0,"['\x1b[36mExtremely large documents may deter people from reading, very small document may be wasteful.\x1b[0m', '\x1b[36mKeep functions small. Large functions get unmanageable over time.\x1b[0m']",61
100.0,36.0,88.89,50.0,"['\x1b[36mExtremely large documents may deter people from reading, very small document may be wasteful.\x1b[0m', '\x1b[36mKeep functions small. Large functions get unmanageable over time.\x1b[0m']",155
83.33,48.0,91.67,50.0,"['\x1b[36mExtremely large documents may deter people from reading, very small document may be wasteful.\x1b[0m', '\x1b[36mKeep functions small. Large functions get unmanageable over time.\x1b[0m']",161
83.33,48.0,91.67,50.0,"['\x1b[36mExtremely large documents may deter people from reading, very small document may be wasteful.\x1b[0m', '\x1b[36mKeep functions small. Large functions get unmanageable over time.\x1b[0m']",85
100.0,40.0,90.0,50.0,"['\x1b[36mExtremely large documents may deter people from reading, very small document may be wasteful.\x1b[0m', '\x1b[36mKeep functions small. Large functions get unmanageable over time.\x1b[0m']",76
100.0,36.0,88.89,50.0,"['\x1b[36mExtremely large documents may deter people from reading, very small document may be wasteful.\x1b[0m', '\x1b[36mKeep functions small. Large functions get unmanageable over time.\x1b[0m']",27
83.33,48.0,91.67,50.0,"['\x1b[36mExtremely large documents may deter people from reading, very small document may be wasteful.\x1b[0m', '\x1b[36mKeep functions small. Large functions get unmanageable over time.\x1b[0m']",37
71.43,56.0,92.86,50.0,"['\x1b[36mExtremely large documents may deter people from reading, very small document may be wasteful.\x1b[0m', '\x1b[36mKeep functions small. Large functions get unmanageable over time.\x1b[0m']",95
71.43,56.0,92.86,50.0,"['\x1b[36mExtremely large documents may deter people from reading, very small document may be wasteful.\x1b[0m', '\x1b[36mKeep functions small. Large functions get unmanageable over time.\x1b[0m']",114
83.33,48.0,91.67,50.0,"['\x1b[36mExtremely large documents may deter people from reading, very small document may be wasteful.\x1b[0m', '\x1b[36mKeep functions small. Large functions get unmanageable over time.\x1b[0m']",165
71.43,56.0,92.86,50.0,"['\x1b[36mExtremely large documents may deter people from reading, very small document may be wasteful.\x1b[0m', '\x1b[36mKeep functions small. Large functions get unmanageable over time.\x1b[0m']",100
71.43,56.0,92.86,50.0,"['\x1b[36mExtremely large documents may deter people from reading, very small document may be wasteful.\x1b[0m', '\x1b[36mKeep functions small. Large functions get unmanageable over time.\x1b[0m']",151
100.0,36.0,88.89,50.0,"['\x1b[36mExtremely large documents may deter people from reading, very small document may be wasteful.\x1b[0m', '\x1b[36mKeep functions small. Large functions get unmanageable over time.\x1b[0m']",17
100.0,36.0,88.89,50.0,"['\x1b[36mExtremely large documents may deter people from reading, very small document may be wasteful.\x1b[0m', '\x1b[36mKeep functions small. Large functions get unmanageable over time.\x1b[0m']",23
71.43,56.0,92.86,50.0,"['\x1b[36mExtremely large documents may deter people from reading, very small document may be wasteful.\x1b[0m', '\x1b[36mKeep functions small. Large functions get unmanageable over time.\x1b[0m']",72
83.33,48.0,91.67,50.0,"['\x1b[36mExtremely large documents may deter people from reading, very small document may be wasteful.\x1b[0m', '\x1b[36mKeep functions small. Large functions get unmanageable over time.\x1b[0m']",91
100.0,36.0,88.89,50.0,"['\x1b[36mExtremely large documents may deter people from reading, very small document may be wasteful.\x1b[0m', '\x1b[36mKeep functions small. Large functions get unmanageable over time.\x1b[0m']",56
83.33,48.0,91.67,50.0,"['\x1b[36mExtremely large documents may deter people from reading, very small document may be wasteful.\x1b[0m', '\x1b[36mKeep functions small. Large functions get unmanageable over time.\x1b[0m']",141
83.33,48.0,91.67,50.0,"['\x1b[36mExtremely large documents may deter people from reading, very small document may be wasteful.\x1b[0m', '\x1b[36mKeep functions small. Large functions get unmanageable over time.\x1b[0m']",124
83.33,24.0,83.33,50.0,"['\x1b[36mExtremely large documents may deter people from reading, very small document may be wasteful.\x1b[0m', '\x1b[36mKeep functions small. Large functions get unmanageable over time.\x1b[0m']",135
83.33,48.0,91.67,50.0,"['\x1b[36mExtremely large documents may deter people from reading, very small document may be wasteful.\x1b[0m', '\x1b[36mKeep functions small. Large functions get unmanageable over time.\x1b[0m']",16
71.43,56.0,92.86,50.0,"['\x1b[36mExtremely large documents may deter people from reading, very small document may be wasteful.\x1b[0m', '\x1b[36mKeep functions small. Large functions get unmanageable over time.\x1b[0m']",80
83.33,48.0,91.67,50.0,"['\x1b[36mExtremely large documents may deter people from reading, very small document may be wasteful.\x1b[0m', '\x1b[36mKeep functions small. Large functions get unmanageable over time.\x1b[0m']",22
76.92,52.0,92.31,50.0,"['\x1b[36mExtremely large documents may deter people from reading, very small document may be wasteful.\x1b[0m', '\x1b[36mKeep functions small. Large functions get unmanageable over time.\x1b[0m']",73
83.33,48.0,91.67,50.0,"['\x1b[36mExtremely large documents may deter people from reading, very small document may be wasteful.\x1b[0m', '\x1b[36mKeep functions small. Large functions get unmanageable over time.\x1b[0m']",63
76.92,52.0,92.31,50.0,"['\x1b[36mExtremely large documents may deter people from reading, very small document may be wasteful.\x1b[0m', '\x1b[36mKeep functions small. Large functions get unmanageable over time.\x1b[0m']",32
83.33,48.0,91.67,50.0,"['\x1b[36mExtremely large documents may deter people from reading, very small document may be wasteful.\x1b[0m', '\x1b[36mKeep functions small. Large functions get unmanageable over time.\x1b[0m']",140
76.92,52.0,92.31,50.0,"['\x1b[36mExtremely large documents may deter people from reading, very small document may be wasteful.\x1b[0m', '\x1b[36mKeep functions small. Large functions get unmanageable over time.\x1b[0m']",111
83.33,48.0,91.67,50.0,"['\x1b[36mExtremely large documents may deter people from reading, very small document may be wasteful.\x1b[0m', '\x1b[36mKeep functions small. Large functions get unmanageable over time.\x1b[0m']",125
83.33,48.0,91.67,50.0,"['\x1b[36mExtremely large documents may deter people from reading, very small document may be wasteful.\x1b[0m', '\x1b[36mKeep functions small. Large functions get unmanageable over time.\x1b[0m']",154
83.33,48.0,91.67,50.0,"['\x1b[36mExtremely large documents may deter people from reading, very small document may be wasteful.\x1b[0m', '\x1b[36mKeep functions small. Large functions get unmanageable over time.\x1b[0m']",105
100.0,36.0,88.89,50.0,"['\x1b[36mExtremely large documents may deter people from reading, very small document may be wasteful.\x1b[0m', '\x1b[36mKeep functions small. Large functions get unmanageable over time.\x1b[0m']",131
76.92,52.0,92.31,50.0,"['\x1b[36mExtremely large documents may deter people from reading, very small document may be wasteful.\x1b[0m', '\x1b[36mKeep functions small. Large functions get unmanageable over time.\x1b[0m']",84
100.0,60.0,93.33,50.0,"['\x1b[36mExtremely large documents may deter people from reading, very small document may be wasteful.\x1b[0m', '\x1b[36mKeep functions small. Large functions get unmanageable over time.\x1b[0m']",77
100.0,60.0,86.67,50.0,"['\x1b[36mExtremely large documents may deter people from reading, very small document may be wasteful.\x1b[0m', '\x1b[36mKeep functions small. Large functions get unmanageable over time.\x1b[0m']",26
83.33,48.0,91.67,50.0,"['\x1b[36mExtremely large documents may deter people from reading, very small document may be wasteful.\x1b[0m', '\x1b[36mKeep functions small. Large functions get unmanageable over time.\x1b[0m']",12
83.33,48.0,91.67,50.0,"['\x1b[36mExtremely large documents may deter people from reading, very small document may be wasteful.\x1b[0m', '\x1b[36mKeep functions small. Large functions get unmanageable over time.\x1b[0m']",53
83.33,48.0,91.67,50.0,"['\x1b[36mExtremely large documents may deter people from reading, very small document may be wasteful.\x1b[0m', '\x1b[36mKeep functions small. Large functions get unmanageable over time.\x1b[0m']",36
100.0,40.0,90.0,50.0,"['\x1b[36mExtremely large documents may deter people from reading, very small document may be wasteful.\x1b[0m', '\x1b[36mKeep functions small. Large functions get unmanageable over time.\x1b[0m']",67
83.33,48.0,91.67,50.0,"['\x1b[36mExtremely large documents may deter people from reading, very small document may be wasteful.\x1b[0m', '\x1b[36mKeep functions small. Large functions get unmanageable over time.\x1b[0m']",121
100.0,36.0,88.89,50.0,"['\x1b[36mExtremely large documents may deter people from reading, very small document may be wasteful.\x1b[0m', '\x1b[36mKeep functions small. Large functions get unmanageable over time.\x1b[0m']",115
83.33,48.0,91.67,50.0,"['\x1b[36mExtremely large documents may deter people from reading, very small document may be wasteful.\x1b[0m', '\x1b[36mKeep functions small. Large functions get unmanageable over time.\x1b[0m']",48
100.0,36.0,88.89,50.0,"['\x1b[36mExtremely large documents may deter people from reading, very small document may be wasteful.\x1b[0m', '\x1b[36mKeep functions small. Large functions get unmanageable over time.\x1b[0m']",0
83.33,48.0,91.67,50.0,"['\x1b[36mExtremely large documents may deter people from reading, very small document may be wasteful.\x1b[0m', '\x1b[36mKeep functions small. Large functions get unmanageable over time.\x1b[0m']",58
83.33,48.0,91.67,50.0,"['\x1b[36mExtremely large documents may deter people from reading, very small document may be wasteful.\x1b[0m', '\x1b[36mKeep functions small. Large functions get unmanageable over time.\x1b[0m']",29
71.43,56.0,92.86,50.0,"['\x1b[36mExtremely large documents may deter people from reading, very small document may be wasteful.\x1b[0m', '\x1b[36mKeep functions small. Large functions get unmanageable over time.\x1b[0m']",78
83.33,48.0,91.67,50.0,"['\x1b[36mExtremely large documents may deter people from reading, very small document may be wasteful.\x1b[0m', '\x1b[36mKeep functions small. Large functions get unmanageable over time.\x1b[0m']",68
100.0,40.0,90.0,50.0,"['\x1b[36mExtremely large documents may deter people from reading, very small document may be wasteful.\x1b[0m', '\x1b[36mKeep functions small. Large functions get unmanageable over time.\x1b[0m']",4
100.0,36.0,88.89,50.0,"['\x1b[36mExtremely large documents may deter people from reading, very small document may be wasteful.\x1b[0m', '\x1b[36mKeep functions small. Large functions get unmanageable over time.\x1b[0m']",28
100.0,36.0,88.89,50.0,"['\x1b[36mExtremely large documents may deter people from reading, very small document may be wasteful.\x1b[0m', '\x1b[36mKeep functions small. Large functions get unmanageable over time.\x1b[0m']",79
83.33,48.0,91.67,50.0,"['\x1b[36mExtremely large documents may deter people from reading, very small document may be wasteful.\x1b[0m', '\x1b[36mKeep functions small. Large functions get unmanageable over time.\x1b[0m']",1
83.33,48.0,91.67,50.0,"['\x1b[36mExtremely large documents may deter people from reading, very small document may be wasteful.\x1b[0m', '\x1b[36mKeep functions small. Large functions get unmanageable over time.\x1b[0m']",59
